pdb_code,binding_affinity,binding_free_energy,proaffinity_label
1a22,Kd=0.34nM,-12.908,9.46852108296
1acb,Kd=0.2nM,-13.223,9.69897000434
1ak4,Kd=17uM,-6.502,4.76955107862
1an1,Ki=0.9nM,-12.332,9.04575749056
1atn,Kd=0.45nM,-12.742,9.34678748622
1ava,Ki=0.22nM,-13.166,9.65757731918
1avx,Kd=60fM,-18.025,13.2218487496
1avz,Kd=15.8uM,-6.546,4.80134291305
1axi,Kd=14nM,-10.707,7.85387196432
1ay7,Kd=1uM,-8.18,6
1b27,Kd=0.01pM,-19.086,14
1b2s,Kd=157pM,-13.366,9.80410034759
1b2u,Kd=100nM,-9.543,7
1b3s,Kd=117pM,-13.54,9.93181413825
1brs,Kd=13fM,-18.931,13.8860566477
1buh,Kd=77nM,-9.698,7.11350927483
1bvn,Ki=9pM,-15.059,11.0457574906
1c9p,Ki=1.0nM,-12.27,9
1c9t,Ki=1.0nM,-12.27,9
1d6r,Kd=0.13nM,-13.478,9.88605664769
1dfj,Ki=59fM,-18.035,13.2291479884
1dhk,Ki=35pM,-14.255,10.4559319556
1djs,Kd=41nM,-10.071,7.38721614328
1dp5,Ki=0.9nM,-12.332,9.04575749056
1dpj,Ki=3nM,-11.619,8.52287874528
1dzb,Kd=520nM,-8.567,6.28399665637
1e6e,Kd=0.86uM,-8.269,6.06550154876
1e96,Kd=2.7uM,-7.592,5.56863623584
1eaw,Kd=49.7pM,-14.047,10.3036436113
1ees,Kd=20nM,-10.496,7.69897000434
1efn,Kd=0.38uM,-8.753,6.42021640338
1eja,Ki=1.0nM,-12.27,9
1emv,Kd=24fM,-18.568,13.6197887583
1es0,IC50=0.08uM,-9.675,7.09691001301
1f34,Kd=0.1nM,-13.633,10
1f3v,Kd=7.8uM,-6.964,5.10790539731
1f5r,Ki=65uM,-5.708,4.18708664336
1f7z,Ki=12.4uM,-6.689,4.90657831484
1fc2,Kd=22.5nM,-10.426,7.64781748189
1ffw,Kd=1.2uM,-8.072,5.92081875395
1fle,Ki=6nM,-11.209,8.22184874962
1fmo,Ki=2.3nM,-11.777,8.63827216398
1fy8,Ki=9uM,-6.879,5.04575749056
1g5j,Kd=0.6nM,-12.572,9.22184874962
1g6v,Kd=72nM,-9.738,7.14266750357
1g9i,Kd=0.12uM,-9.435,6.92081875395
1gl0,Ki=0.8nM,-12.402,9.09691001301
1gl1,Ki=0.13nM,-13.478,9.88605664769
1gla,Kd=0.18uM,-9.195,6.7447274949
1gng,Kd=39nM,-10.101,7.40893539297
1grn,Kd=388nM,-8.74,6.41116827441
1gua,Kd=40nM,-10.086,7.39794000867
1gxd,Kd=5.2nM,-11.294,8.28399665637
1h0t,Kd=6uM,-7.119,5.22184874962
1h1v,Kd=23nM,-10.413,7.63827216398
1h59,Kd=37nM,-10.132,7.43179827593
1he8,Kd=2.5uM,-7.637,5.60205999133
1i4e,Kd=0.12uM,-9.435,6.92081875395
1i8l,Kd=0.2uM,-9.133,6.69897000434
1ibr,Kd=0.3nM,-12.983,9.52287874528
1j2j,Kd=1.4uM,-7.981,5.85387196432
1j7v,Kd=35pM,-14.255,10.4559319556
1jgn,Kd=0.35uM,-8.801,6.45593195565
1jh4,Kd=1.5uM,-7.94,5.82390874094
1jiw,Kd=4pM,-15.539,11.3979400087
1jsp,Kd=50uM,-5.864,4.30102999566
1jtd,Ki=27.2pM,-14.404,10.565431096
1k93,Kd=20nM,-10.496,7.69897000434
1kac,Kd=14.8nM,-10.674,7.82973828461
1kbh,Kd=34nM,-10.182,7.46852108296
1ktk,Kd=20uM,-6.406,4.69897000434
1ktz,Kd=290nM,-8.913,6.5376020021
1kxp,Kd=1nM,-12.27,9
1kxt,Kd=235nM,-9.037,6.62893213773
1l4d,Kd=196.6nM,-9.143,6.7064164865
1l4z,Kd=196.6nM,-9.143,6.7064164865
1l8c,Kd=7nM,-11.118,8.15490195999
1ldt,Ki=1.8nM,-11.922,8.7447274949
1lp1,Kd=2uM,-7.769,5.69897000434
1lw6,Kd=2pM,-15.949,11.6989700043
1lx5,Kd=1.2nM,-12.162,8.92081875395
1lzw,Kd=0.33uM,-8.836,6.48148606012
1m10,Kd=5.8nM,-11.229,8.23657200644
1m5n,Kd=2.1nM,-11.83,8.67778070527
1mah,Kd=25pM,-14.454,10.6020599913
1mcv,Ki=98nM,-9.555,7.00877392431
1mq8,Kd=3uM,-7.529,5.52287874528
1mxe,Kd=1pM,-16.36,12
1mzw,Kd=1.97uM,-7.778,5.70553377384
1nw9,Ki=0.013uM,-10.751,7.88605664769
1nys,Kd=10nM,-10.906,8
1nyu,Kd=10nM,-10.906,8
1o9a,Kd=1uM,-8.18,6
1oey,Kd=4nM,-11.449,8.39794000867
1op9,Kd=0.7nM,-12.481,9.15490195999
1otr,Kd=155uM,-5.194,3.80966830183
1oyh,Kd=42nM,-10.057,7.3767507096
1ozs,Kd=31uM,-6.147,4.50863830617
1p27,Kd=0.7nM,-12.481,9.15490195999
1p69,Kd=76nM,-9.706,7.11918640772
1p6a,Kd=35nM,-10.165,7.45593195565
1p9d,Kd=12.9uM,-6.666,4.8894102897
1pd7,Kd=0.3uM,-8.893,6.52287874528
1pjm,Kd=180nM,-9.195,6.7447274949
1pjn,Kd=22nM,-10.44,7.65757731918
1pk1,Kd=54nM,-9.908,7.26760624018
1ppe,Kd=3pM,-15.709,11.5228787453
1psb,Kd=20uM,-6.406,4.69897000434
1pvh,Kd=80nM,-9.675,7.09691001301
1pxv,Ki=0.31nM,-12.963,9.50863830617
1q0w,Kd=277uM,-4.85,3.55752023094
1q5w,Kd=126uM,-5.316,3.89962945488
1q68,Kd=400nM,-8.722,6.39794000867
1q69,Kd=900nM,-8.242,6.04575749056
1qa9,Kd=1uM,-8.18,6
1r0r,Kd=29.4pM,-14.358,10.5316526696
1r8u,Kd=13nM,-10.751,7.88605664769
1ri8,Kd=2.9nM,-11.639,8.5376020021
1rjc,Kd=77pM,-13.788,10.1135092748
1rkc,Kd=39nM,-10.101,7.40893539297
1rke,Kd=50nM,-9.953,7.30102999566
1rpq,IC50=0.032uM,-10.218,7.49485002168
1ry7,Kd=0.23uM,-9.05,6.63827216398
1s4y,Kd=6.87nM,-11.129,8.16304326294
1sb0,Kd=15uM,-6.576,4.82390874094
1shy,Kd=90nM,-9.605,7.04575749056
1smf,Ki=0.12uM,-9.435,6.92081875395
1sq0,Kd=30nM,-10.256,7.52287874528
1sv0,Kd=11.1nM,-10.845,7.95467702121
1syq,Kd=14.7nM,-10.678,7.83268266525
1t01,Kd=39nM,-10.101,7.40893539297
1t0p,Kd=25uM,-6.274,4.60205999133
1t44,Kd=1uM,-8.18,6
1t5z,Kd=33uM,-6.11,4.48148606012
1t63,Kd=15uM,-6.576,4.82390874094
1t6b,Kd=0.4nM,-12.812,9.39794000867
1ta3,Ki=9nM,-10.969,8.04575749056
1tba,Kd=1nM,-12.27,9
1tdq,Kd=12nM,-10.798,7.92081875395
1te1,Ki=3.4nM,-11.545,8.46852108296
1th1,Kd=2.1nM,-11.83,8.67778070527
1tlh,Kd=300uM,-4.803,3.52287874528
1tm1,Ki=0.003nM,-15.709,11.5228787453
1tm3,Ki=0.019nM,-14.616,10.721246399
1tm4,Ki=0.13nM,-13.478,9.88605664769
1tm5,Ki=0.017nM,-14.682,10.7695510786
1tm7,Ki=0.0033nM,-15.653,11.4814860601
1to1,Ki=0.46nM,-12.729,9.33724216832
1tzn,Kd=170pM,-13.319,9.76955107862
1u0i,Kd=70nM,-9.754,7.15490195999
1u0s,Kd=0.23uM,-9.05,6.63827216398
1u5s,Kd=3mM,-3.439,2.52287874528
1uel,Kd=3.4uM,-7.455,5.46852108296
1ugh,IC50=12pM,-14.888,10.920818754
1ul1,Kd=60nM,-9.846,7.22184874962
1us7,Kd=1.8uM,-7.832,5.7447274949
1usu,Kd=3.3uM,-7.473,5.48148606012
1usv,Kd=3.3uM,-7.473,5.48148606012
1uug,Kd=1.3uM,-8.024,5.88605664769
1v18,Kd=10nM,-10.906,8
1vet,Kd=12.8nM,-10.76,7.89279003035
1veu,Kd=12.8nM,-10.76,7.89279003035
1vg0,Kd=5nM,-11.317,8.30102999566
1vrk,Kd=6.8nM,-11.135,8.16749108729
1vyt,Kd=20nM,-10.496,7.69897000434
1wa7,Kd=9.58uM,-6.842,5.01863449092
1wa8,Kd=11nM,-10.85,7.95860731484
1wlp,Kd=0.64uM,-8.444,6.19382002602
1wpx,Ki=1.80nM,-11.922,8.7447274949
1wq1,Kd=17uM,-6.502,4.76955107862
1wqj,Kd=865nM,-8.266,6.06298389254
1wr1,Kd=14.8uM,-6.584,4.82973828461
1wrd,Kd=409uM,-4.619,3.38827669199
1wve,Kd=7nM,-11.118,8.15490195999
1x1u,Kd=13.2nM,-10.742,7.87942606879
1x1w,Kd=26.4nM,-10.332,7.57839607313
1x1x,Kd=53nM,-9.919,7.2757241304
1x1y,Kd=12.7uM,-6.675,4.89619627904
1xdt,Kd=10nM,-10.906,8
1xg2,Kd=5nM,-11.317,8.30102999566
1xj7,Kd=39uM,-6.011,4.40893539297
1xqh,Kd=0.2uM,-9.133,6.69897000434
1xqs,Kd=6.5uM,-7.072,5.18708664336
1xr0,Kd=10uM,-6.816,5
1xt9,Kd=200nM,-9.133,6.69897000434
1y1k,Ki=0.3nM,-12.983,9.52287874528
1y33,Ki=1.7nM,-11.956,8.76955107862
1y34,Ki=0.52nM,-12.657,9.28399665637
1y3b,Ki=0.31nM,-12.963,9.50863830617
1y3c,Ki=0.025nM,-14.454,10.6020599913
1y3d,Ki=0.56nM,-12.613,9.25181197299
1y48,Ki=1.7nM,-11.956,8.76955107862
1y4a,Ki=1.2nM,-12.162,8.92081875395
1y4d,Ki=1.2nM,-12.162,8.92081875395
1y6k,Kd=1nM,-12.27,9
1y6m,Kd=173nM,-9.219,6.76195389687
1y6n,Kd=27nM,-10.318,7.56863623584
1y8n,Kd=1.17uM,-8.087,5.93181413825
1yc0,IC50=4nM,-11.449,8.39794000867
1yd8,Kd=181uM,-5.102,3.74232142513
1ydi,Kd=1.78nM,-11.928,8.74957999769
1yrt,Kd=1nM,-12.27,9
1yru,Kd=1nM,-12.27,9
1yvb,Ki=6.5nM,-11.161,8.18708664336
1yx5,Kd=350uM,-4.711,3.45593195565
1yx6,Kd=73uM,-5.64,4.13667713988
1z92,Kd=10nM,-10.906,8
1zc3,Kd=42nM,-10.057,7.3767507096
1zc4,Kd=42nM,-10.057,7.3767507096
1zgu,Kd=98uM,-5.465,4.00877392431
1zhi,Kd=0.2uM,-9.133,6.69897000434
1zjd,IC50=1.28nM,-12.124,8.89279003035
1zli,Ki=1.3nM,-12.114,8.88605664769
1zr0,Ki=13nM,-10.751,7.88605664769
1zsg,Kd=7.5uM,-6.987,5.12493873661
1zv5,Kd=10nM,-10.906,8
1zvh,Kd=70nM,-9.754,7.15490195999
1zvy,Kd=0.1nM,-13.633,10
2a24,Kd=30uM,-6.166,4.52287874528
2a78,Kd=60nM,-9.846,7.22184874962
2a7u,Kd=120nM,-9.435,6.92081875395
2a9k,Kd=60nM,-9.846,7.22184874962
2ajf,Kd=10nM,-10.906,8
2aq2,Kd=11nM,-10.85,7.95860731484
2arp,Kd=430nM,-8.679,6.36653154442
2b0z,Kd=100uM,-5.453,4
2b12,Kd=20uM,-6.406,4.69897000434
2b42,Kd=1.07nM,-12.23,8.97061622231
2b7c,Kd=0.4uM,-8.722,6.39794000867
2b87,Kd=100nM,-9.543,7
2be6,Kd=2.63nM,-11.697,8.58004425151
2bqz,Kd=20uM,-6.406,4.69897000434
2btf,Kd=2.3uM,-7.687,5.63827216398
2c0l,Kd=109nM,-9.492,6.96257350206
2c1m,Kd=1.1nM,-12.213,8.95860731484
2c7m,Kd=6.4uM,-7.081,5.19382002602
2cpk,Ki=2.3nM,-11.777,8.63827216398
2d10,Kd=1.7nM,-11.956,8.76955107862
2den,Kd=17uM,-6.502,4.76955107862
2djy,Kd=40uM,-5.996,4.39794000867
2dsp,Kd=3uM,-7.529,5.52287874528
2dx5,Kd=0.33mM,-4.746,3.48148606012
2efd,Kd=7.3nM,-11.093,8.13667713988
2efh,Kd=36nM,-10.148,7.44369749923
2f31,Kd=102nM,-9.531,6.99139982824
2f4m,Kd=65nM,-9.798,7.18708664336
2f9z,Kd=0.9uM,-8.242,6.04575749056
2few,Kd=3.7mM,-3.315,2.43179827593
2fju,Kd=5.3uM,-7.192,5.2757241304
2ftl,Kd=60fM,-18.025,13.2218487496
2ftm,Kd=16pM,-14.718,10.7958800173
2fu5,Kd=0.7nM,-12.481,9.15490195999
2fuh,Kd=300uM,-4.803,3.52287874528
2fyl,Kd=2.8uM,-7.57,5.55284196866
2g2u,Kd=1.25uM,-8.048,5.90308998699
2g2w,Kd=582nM,-8.5,6.23507701535
2g45,Kd=2.82uM,-7.566,5.54975089168
2g81,Ki=13.6nM,-10.724,7.86646109163
2gh0,Kd=90nM,-9.605,7.04575749056
2gng,IC50=6uM,-7.119,5.22184874962
2gox,Kd=0.8nM,-12.402,9.09691001301
2gww,Kd=0.11nM,-13.577,9.95860731484
2h4m,Kd=42nM,-10.057,7.3767507096
2hd5,Kd=2.8uM,-7.57,5.55284196866
2hev,IC50=62nM,-9.826,7.2076083105
2hle,Kd=40nM,-10.086,7.39794000867
2hqw,Kd=2nM,-11.859,8.69897000434
2hrk,Kd=9nM,-10.969,8.04575749056
2hsq,Kd=6.61nM,-11.152,8.17979854051
2hth,Kd=105uM,-5.424,3.97881070093
2ihs,Kd=40nM,-10.086,7.39794000867
2ij0,Kd=180pM,-13.285,9.7447274949
2iwg,Kd=37nM,-10.132,7.43179827593
2ixq,Kd=0.7uM,-8.391,6.15490195999
2iy1,Kd=787nM,-8.322,6.10402526764
2j0t,Ki=0.4nM,-12.812,9.39794000867
2j12,Kd=20nM,-10.496,7.69897000434
2j1k,Kd=1.1nM,-12.213,8.95860731484
2jby,IC50=50nM,-9.953,7.30102999566
2jgz,Kd=1mM,-4.09,3
2jjs,Kd=1.2uM,-8.072,5.92081875395
2jod,Ki=350nM,-8.801,6.45593195565
2jt4,Kd=40uM,-5.996,4.39794000867
2jti,Kd=0.588uM,-8.494,6.23062267392
2ju0,Kd=100nM,-9.543,7
2jy6,Kd=20uM,-6.406,4.69897000434
2k2s,Kd=53nM,-9.919,7.2757241304
2k2u,Kd=360nM,-8.785,6.44369749923
2k3s,Kd=2.7uM,-7.592,5.56863623584
2k42,Kd=35nM,-10.165,7.45593195565
2k5b,Kd=4uM,-7.359,5.39794000867
2k6d,Kd=171uM,-5.136,3.76700388961
2k79,Kd=0.67mM,-4.327,3.1739251973
2k7a,Kd=0.67mM,-4.327,3.1739251973
2k8b,Kd=1.8mM,-3.742,2.7447274949
2k8c,Kd=1.8mM,-3.742,2.7447274949
2k8f,Kd=2.7uM,-7.592,5.56863623584
2ka4,Kd=58nM,-9.866,7.23657200644
2ka6,Kd=52nM,-9.93,7.28399665637
2kbw,Kd=0.32uM,-8.854,6.49485002168
2kc8,Kd=200nM,-9.133,6.69897000434
2kgx,Kd=9uM,-6.879,5.04575749056
2khs,Kd=0.36uM,-8.785,6.44369749923
2kj4,Kd=65nM,-9.798,7.18708664336
2knb,Kd=11uM,-6.76,4.95860731484
2kqs,Kd=55.3uM,-5.804,4.2572748687
2kri,Kd=46uM,-5.913,4.33724216832
2kt5,Kd=28uM,-6.207,4.55284196866
2ktf,Kd=23uM,-6.323,4.63827216398
2kvq,Kd=50uM,-5.864,4.30102999566
2kwi,Kd=184nM,-9.182,6.73518217699
2kwj,Kd=0.5uM,-8.59,6.30102999566
2kwk,Kd=2.3uM,-7.687,5.63827216398
2kwo,Kd=46.9uM,-5.901,4.32882715728
2kwu,Kd=51uM,-5.852,4.2924298239
2kwv,Kd=90uM,-5.516,4.04575749056
2kxh,Kd=14uM,-6.617,4.85387196432
2kxw,Kd=10nM,-10.906,8
2l0f,Kd=172uM,-5.132,3.76447155309
2l0t,Kd=64uM,-5.717,4.19382002602
2l14,Kd=3.1uM,-7.51,5.50863830617
2l1l,Kd=7nM,-11.118,8.15490195999
2l29,Kd=15.3nM,-10.655,7.81530856918
2l2l,Kd=12.4nM,-10.779,7.90657831484
2l9s,Kd=2.2uM,-7.713,5.65757731918
2ld7,Kd=9.2nM,-10.956,8.03621217265
2leh,Kd=3.3nM,-11.563,8.48148606012
2lfw,Kd=5.6nM,-11.25,8.25181197299
2lkm,Kd=12nM,-10.798,7.92081875395
2lox,Kd=190nM,-9.163,6.72124639905
2lp0,Kd=22.2uM,-6.344,4.65364702555
2lp4,Kd=4mM,-3.269,2.39794000867
2lpb,Kd=10.1uM,-6.811,4.99567862622
2lqc,Kd=2.9uM,-7.549,5.5376020021
2lqh,Kd=85uM,-5.549,4.07058107429
2luh,Kd=0.7uM,-8.391,6.15490195999
2lvo,Kd=12.8uM,-6.67,4.89279003035
2lww,Kd=57nM,-9.876,7.24412514433
2lxm,Kd=0.08nM,-13.765,10.096910013
2ly4,Kd=346nM,-8.808,6.46092390121
2lz6,Kd=12uM,-6.709,4.92081875395
2m04,Kd=10nM,-10.906,8
2m0g,Kd=84nM,-9.646,7.07572071394
2m0j,Kd=12nM,-10.798,7.92081875395
2m49,Kd=10uM,-6.816,5
2m55,Kd=35uM,-6.075,4.45593195565
2m5a,Kd=48nM,-9.978,7.31875876262
2m86,Kd=2.6nM,-11.704,8.58502665203
2mbb,Kd=130uM,-5.298,3.88605664769
2mcn,Kd=1.9uM,-7.8,5.72124639905
2mej,Kd=17uM,-6.502,4.76955107862
2mfq,Kd=5.2uM,-7.204,5.28399665637
2mj5,Kd=4.3uM,-7.316,5.36653154442
2mnu,Kd=230nM,-9.05,6.63827216398
2mp0,Kd=25mM,-2.184,1.60205999133
2mre,Kd=19uM,-6.436,4.72124639905
2mro,Kd=150uM,-5.213,3.82390874094
2mur,Kd=9.26uM,-6.862,5.03338901332
2mv7,Kd=1.56nM,-12.006,8.80687540165
2mws,Kd=45uM,-5.926,4.34678748622
2mzd,Kd=0.877uM,-8.258,6.05700040663
2n01,Kd=1uM,-8.18,6
2n1d,Kd=60nM,-9.846,7.22184874962
2n2h,Kd=0.93uM,-8.223,6.03151705145
2n73,Kd=320nM,-8.854,6.49485002168
2n8j,Kd=10.7nM,-10.866,7.97061622231
2nbv,Kd=9.3uM,-6.859,5.03151705145
2noj,Kd=13nM,-10.751,7.88605664769
2nqd,Ki=39pM,-14.191,10.408935393
2o3b,Ki=3.2pM,-15.671,11.4948500217
2o8v,Ki=1.1uM,-8.123,5.95860731484
2omt,Kd=100nM,-9.543,7
2omu,Kd=0.6nM,-12.572,9.22184874962
2omv,Kd=1.2nM,-12.162,8.92081875395
2omw,Kd=10uM,-6.816,5
2omx,Kd=120nM,-9.435,6.92081875395
2omy,Kd=0.2uM,-9.133,6.69897000434
2omz,Kd=400nM,-8.722,6.39794000867
2oob,Kd=57uM,-5.786,4.24412514433
2ot3,Kd=1.8uM,-7.832,5.7447274949
2ot8,Kd=20nM,-10.496,7.69897000434
2oul,Ki=1.7nM,-11.956,8.76955107862
2oza,Kd=2.5nM,-11.727,8.60205999133
2p1l,Kd=2.3uM,-7.687,5.63827216398
2p42,Kd=23nM,-10.413,7.63827216398
2p43,Kd=23nM,-10.413,7.63827216398
2p44,Kd=20nM,-10.496,7.69897000434
2p45,Kd=116nM,-9.455,6.93554201077
2p46,Kd=116nM,-9.455,6.93554201077
2p47,Kd=116nM,-9.455,6.93554201077
2p48,Kd=116nM,-9.455,6.93554201077
2p49,Kd=23nM,-10.413,7.63827216398
2p4a,Kd=180pM,-13.285,9.7447274949
2p8q,Kd=15.6nM,-10.643,7.80687540165
2pcb,Kd=10uM,-6.816,5
2pon,Kd=1.4uM,-7.981,5.85387196432
2pop,Kd=4.2uM,-7.33,5.3767507096
2psm,Kd=30pM,-14.346,10.5228787453
2ptc,Kd=60fM,-18.025,13.2218487496
2ptt,Kd=4uM,-7.359,5.39794000867
2px9,Kd=87.4uM,-5.533,4.05848856737
2q5d,Kd=15.6nM,-10.643,7.80687540165
2qc1,Kd=10pM,-14.996,11
2qna,Kd=83nM,-9.653,7.08092190762
2qur,IC50=500nM,-8.59,6.30102999566
2qxv,Kd=0.38uM,-8.753,6.42021640338
2r9p,Kd=14uM,-6.617,4.85387196432
2ra3,Kd=20pM,-14.586,10.6989700043
2rmk,Kd=170nM,-9.229,6.76955107862
2rms,Kd=134nM,-9.37,6.87289520164
2rnr,Kd=150nM,-9.303,6.82390874094
2roz,Kd=0.32uM,-8.854,6.49485002168
2rr3,Kd=2.1uM,-7.741,5.67778070527
2ru4,Kd=126nM,-9.406,6.89962945488
2ruk,Kd=24.21uM,-6.293,4.61600521056
2rvb,Kd=143.3nM,-9.33,6.8437538096
2sic,Kd=71.2pM,-13.834,10.1475200064
2sni,Kd=2pM,-15.949,11.6989700043
2tgp,Kd=2.4uM,-7.661,5.61978875829
2uuy,Ki=5.6nM,-11.25,8.25181197299
2uyz,Kd=82nM,-9.661,7.08618614762
2v3b,Kd=5uM,-7.227,5.30102999566
2v4z,Kd=1.25uM,-8.048,5.90308998699
2v51,Kd=1.0uM,-8.18,6
2v52,Kd=1.9uM,-7.8,5.72124639905
2v5q,Kd=71nM,-9.746,7.14874165128
2v6x,Kd=28uM,-6.207,4.55284196866
2v8s,Kd=22uM,-6.35,4.65757731918
2v9t,Kd=8.2nM,-11.024,8.08618614762
2vay,Kd=7.9nM,-11.046,8.10237290871
2vda,Kd=3uM,-7.529,5.52287874528
2vdb,Kd=0.15nM,-13.393,9.82390874094
2ve7,Kd=4uM,-7.359,5.39794000867
2ver,Kd=13.1uM,-6.657,4.88272870434
2vln,Kd=1.68pM,-16.052,11.7746907183
2vlo,Kd=0.892pM,-16.427,12.0496351456
2vlp,Kd=0.543pM,-16.721,12.2652001704
2vlq,Kd=22.8pM,-14.508,10.642065153
2vog,Kd=210nM,-9.104,6.67778070527
2voh,Kd=1nM,-12.27,9
2voi,Kd=1.1nM,-12.213,8.95860731484
2vsm,Kd=35nM,-10.165,7.45593195565
2w19,Kd=140nM,-9.344,6.85387196432
2w84,Kd=0.07uM,-9.754,7.15490195999
2wd5,Kd=22nM,-10.44,7.65757731918
2wel,Kd=0.3uM,-8.893,6.52287874528
2wfx,Kd=14nM,-10.707,7.85387196432
2wg4,Kd=73.9nM,-9.722,7.13135556161
2wh6,Kd=18nM,-10.558,7.7447274949
2wjv,Kd=0.2uM,-9.133,6.69897000434
2wo2,Kd=10.8uM,-6.771,4.96657624451
2wo3,Kd=2.3uM,-7.687,5.63827216398
2wp0,Kd=0.93uM,-8.223,6.03151705145
2wp3,Kd=0.794uM,-8.316,6.10017949757
2wpt,Kd=0.1uM,-9.543,7
2wqz,Kd=132nM,-9.379,6.87942606879
2wwk,Kd=1.28uM,-8.034,5.89279003035
2wwx,Kd=79nM,-9.683,7.10237290871
2wy3,Kd=66nM,-9.789,7.18045606446
2wy8,Kd=360nM,-8.785,6.44369749923
2x1x,Kd=16nM,-10.628,7.79588001734
2x2d,Kd=6.1uM,-7.109,5.21467016499
2xa0,Kd=35.3nM,-10.16,7.45222529461
2xb6,Kd=115nM,-9.46,6.93930215965
2xdf,Kd=21uM,-6.377,4.67778070527
2xgy,Kd=30uM,-6.166,4.52287874528
2xhe,Kd=3.9nM,-11.464,8.40893539297
2xns,Kd=810nM,-8.305,6.09151498112
2xpx,Kd=150nM,-9.303,6.82390874094
2xqr,Kd=31nM,-10.237,7.50863830617
2xtt,Ki=20pM,-14.586,10.6989700043
2y8s,Kd=0.989nM,-12.276,9.0048037084
2y8t,Kd=14.2nM,-10.699,7.84771165562
2y9m,Kd=2nM,-11.859,8.69897000434
2yj1,IC50=26nM,-10.341,7.58502665203
2yq7,Ki=35nM,-10.165,7.45593195565
2yvj,Kd=294uM,-4.815,3.53165266959
2z58,Kd=16nM,-10.628,7.79588001734
2z7f,IC50=13nM,-10.751,7.88605664769
2za4,Kd=0.14nM,-13.434,9.85387196432
2zvk,Kd=0.4uM,-8.722,6.39794000867
3a4s,Kd=2.81uM,-7.568,5.55129368009
3ajb,Kd=40.8nM,-10.074,7.38933983691
3alz,Kd=0.52uM,-8.567,6.28399665637
3aon,Kd=3.2nM,-11.581,8.49485002168
3au4,Kd=0.53uM,-8.556,6.2757241304
3beg,Kd=50nM,-9.953,7.30102999566
3bh6,Kd=95nM,-9.573,7.02227639471
3blh,Kd=300nM,-8.893,6.52287874528
3bn3,Kd=20uM,-6.406,4.69897000434
3bp8,Kd=4.14nM,-11.429,8.38299965888
3bs5,Kd=92.5nM,-9.589,7.03385826726
3bzd,Kd=96uM,-5.477,4.01772876696
3c4m,Kd=0.98uM,-8.192,6.00877392431
3c4o,Kd=4.6nM,-11.366,8.33724216832
3c4p,Kd=4.4nM,-11.392,8.35654732351
3c59,IC50=5nM,-11.317,8.30102999566
3c5t,IC50=0.6nM,-12.572,9.22184874962
3c66,Kd=3uM,-7.529,5.52287874528
3ch5,Kd=120uM,-5.345,3.92081875395
3cqc,Kd=4nM,-11.449,8.39794000867
3cqg,Kd=4nM,-11.449,8.39794000867
3cqx,Kd=4.5uM,-7.289,5.34678748622
3cx6,Kd=4.8uM,-7.251,5.31875876262
3cx7,Kd=520nM,-8.567,6.28399665637
3cx8,Kd=340nM,-8.819,6.46852108296
3d5r,Kd=19nM,-10.526,7.72124639905
3d5s,Kd=26nM,-10.341,7.58502665203
3d7t,Kd=70uM,-5.664,4.15490195999
3da7,Kd=0.13uM,-9.388,6.88605664769
3ddc,Kd=0.77uM,-8.335,6.11350927483
3di2,Kd=18uM,-6.468,4.7447274949
3di3,Kd=21nM,-10.467,7.67778070527
3doe,Kd=20nM,-10.496,7.69897000434
3dvm,Kd=4.32nM,-11.403,8.36451625319
3dvu,Kd=0.2uM,-9.133,6.69897000434
3dxc,Kd=0.22uM,-9.076,6.65757731918
3dxd,Kd=0.34uM,-8.819,6.46852108296
3dxe,Kd=0.33uM,-8.836,6.48148606012
3e1z,Ki=0.036nM,-14.238,10.4436974992
3e2k,Ki=69pM,-13.853,10.1611509093
3e2l,Ki=69pM,-13.853,10.1611509093
3eab,Kd=12uM,-6.709,4.92081875395
3eba,Kd=2.36nM,-11.761,8.62708799703
3eg5,Kd=1253nM,-8.046,5.90204892901
3ejj,Kd=455nM,-8.646,6.34198860334
3eoy,Kd=2.8nM,-11.66,8.55284196866
3f1p,Kd=120uM,-5.345,3.92081875395
3f50,Ki=9nM,-10.969,8.04575749056
3f7p,Kd=49uM,-5.876,4.30980391997
3ff8,Kd=130uM,-5.298,3.88605664769
3fhc,Kd=21.6nM,-10.45,7.66554624885
3fii,Ki=1.9nM,-11.89,8.72124639905
3fju,Ki=1.6nM,-11.991,8.79588001734
3fp6,Kd=0.1pM,-17.723,13
3fpu,Kd=0.12nM,-13.525,9.92081875395
3g7a,Ki=9nM,-10.969,8.04575749056
3g9v,Kd=1pM,-16.36,12
3g9w,Kd=36uM,-6.058,4.44369749923
3gb8,Kd=6.5uM,-7.072,5.18708664336
3gc3,Kd=2.1uM,-7.741,5.67778070527
3gj3,Kd=49uM,-5.876,4.30980391997
3gj4,Kd=6.6uM,-7.063,5.18045606446
3gj5,Kd=47uM,-5.9,4.32790214206
3gj6,Kd=6.5uM,-7.072,5.18708664336
3gj7,Kd=4uM,-7.359,5.39794000867
3gj8,Kd=3uM,-7.529,5.52287874528
3gni,Kd=12nM,-10.798,7.92081875395
3gqi,Kd=33nM,-10.2,7.48148606012
3gty,Kd=0.47nM,-12.717,9.32790214206
3gxu,Kd=203nM,-9.124,6.69250396209
3h2u,Kd=12.6uM,-6.68,4.89962945488
3h3g,Kd=0.99uM,-8.186,6.0043648054
3h8k,Kd=21nM,-10.467,7.67778070527
3hct,Kd=1.48uM,-7.948,5.82973828461
3hcu,Kd=1.48uM,-7.948,5.82973828461
3ho5,Kd=220nM,-9.076,6.65757731918
3ia3,Kd=93nM,-9.586,7.03151705145
3idb,Kd=11.3nM,-10.834,7.94692155652
3idc,Kd=0.6nM,-12.572,9.22184874962
3ifq,Kd=116nM,-9.455,6.93554201077
3inb,Kd=0.2uM,-9.133,6.69897000434
3iol,IC50=500nM,-8.59,6.30102999566
3ixe,IC50=2.3uM,-7.687,5.63827216398
3jza,Kd=3pM,-15.709,11.5228787453
3k75,Kd=110nM,-9.487,6.95860731484
3k8p,Kd=10nM,-10.906,8
3kbt,Kd=9.29nM,-10.95,8.03198428601
3kj0,Kd=2nM,-11.859,8.69897000434
3kj1,Kd=2nM,-11.859,8.69897000434
3kj2,Kd=2nM,-11.859,8.69897000434
3kls,Kd=5.5nM,-11.26,8.25963731051
3knb,Kd=0.94uM,-8.216,6.0268721464
3kuc,Kd=0.442uM,-8.663,6.35457773065
3kud,Kd=1.7uM,-7.866,5.76955107862
3kv4,Kd=1uM,-8.18,6
3kw5,Kd=385nM,-8.745,6.41453927049
3kyi,Kd=218uM,-4.992,3.6615435064
3kz0,Ki=273nM,-8.948,6.56383735296
3l33,Ki=136nM,-9.361,6.86646109163
3l9j,Kd=0.34nM,-12.908,9.46852108296
3lb8,Kd=66uM,-5.699,4.18045606446
3lbx,Kd=400nM,-8.722,6.39794000867
3lms,Ki=1.2nM,-12.162,8.92081875395
3m18,Kd=180pM,-13.285,9.7447274949
3m63,Kd=175nM,-9.212,6.75696195131
3mca,Kd=0.39uM,-8.737,6.40893539297
3me2,Kd=68pM,-13.861,10.1674910873
3mj7,Kd=5uM,-7.227,5.30102999566
3mzg,Kd=4.97mM,-3.141,2.30364361127
3mzw,Kd=22pM,-14.529,10.6575773192
3n00,IC50=0.22uM,-9.076,6.65757731918
3n06,Kd=3.1mM,-3.42,2.50863830617
3n0p,Kd=5.1mM,-3.125,2.2924298239
3n4i,Kd=1.1nM,-12.213,8.95860731484
3ncb,Kd=93mM,-1.406,1.03151705145
3ncc,Kd=212mM,-0.918,0.673664139071
3nvn,Kd=9.4nM,-10.943,8.0268721464
3nvq,Kd=287nM,-8.919,6.54211810327
3o34,Kd=8.8uM,-6.892,5.05551732785
3o40,Ki=1.4nM,-12.07,8.85387196432
3o43,Ki=9nM,-10.969,8.04575749056
3o5t,Kd=1.5uM,-7.94,5.82390874094
3o6b,Kd=227nM,-9.058,6.64397414281
3oak,Kd=169nM,-9.232,6.77211329539
3oiq,Kd=3.8uM,-7.389,5.42021640338
3ojm,Kd=130nM,-9.388,6.88605664769
3oky,Kd=1.3uM,-8.024,5.88605664769
3ol2,Kd=5.5uM,-7.17,5.25963731051
3olm,Kd=90.6uM,-5.512,4.04287180232
3ona,Kd=0.68uM,-8.408,6.16749108729
3onl,Kd=12uM,-6.709,4.92081875395
3onw,Kd=2.3nM,-11.777,8.63827216398
3osl,Kd=1.8nM,-11.922,8.7447274949
3oun,Kd=58nM,-9.866,7.23657200644
3ouw,Kd=23nM,-10.413,7.63827216398
3oux,Kd=35nM,-10.165,7.45593195565
3p71,Kd=0.38uM,-8.753,6.42021640338
3p92,Ki=5.9nM,-11.219,8.22914798836
3p95,Ki=1.5uM,-7.94,5.82390874094
3pnr,Ki=11.9nM,-10.803,7.92445303861
3pvm,Kd=42nM,-10.057,7.3767507096
3qbr,IC50=68nM,-9.771,7.16749108729
3qbv,Kd=478nM,-8.617,6.32057210339
3qc8,Kd=11.2uM,-6.749,4.95078197733
3qhy,Kd=1.1pM,-16.303,11.9586073148
3qlu,Kd=11nM,-10.85,7.95860731484
3qq8,Kd=1.5uM,-7.94,5.82390874094
3qs7,Kd=40nM,-10.086,7.39794000867
3qsk,Kd=91nM,-9.599,7.04095860768
3qwq,Kd=2nM,-11.859,8.69897000434
3r4d,Kd=21.4nM,-10.456,7.66958622665
3r85,Kd=41.3uM,-5.977,4.38404994834
3r9a,Kd=3.5uM,-7.438,5.45593195565
3rdz,Kd=2.69nM,-11.684,8.57024772
3reb,Kd=96nM,-9.567,7.01772876696
3rgf,Kd=7.05nM,-11.113,8.15181088301
3ro2,Kd=0.046uM,-10.003,7.33724216832
3rt0,Kd=1.2uM,-8.072,5.92081875395
3rzw,Kd=68nM,-9.771,7.16749108729
3sgb,Kd=17.9pM,-14.652,10.747146969
3sjh,Kd=3.4uM,-7.455,5.46852108296
3sku,Kd=70nM,-9.754,7.15490195999
3sri,Kd=165nM,-9.247,6.78251605579
3t6g,Kd=30nM,-10.256,7.52287874528
3tac,Kd=0.55uM,-8.534,6.25963731051
3tei,Kd=0.5uM,-8.59,6.30102999566
3tg1,Ki=1.01uM,-8.174,5.99567862622
3tgk,Ki=12uM,-6.709,4.92081875395
3tkl,Kd=0.43uM,-8.679,6.36653154442
3tsr,Kd=0.2fM,-21.402,15.6989700043
3tu3,Kd=57nM,-9.876,7.24412514433
3twi,Kd=0.6uM,-8.482,6.22184874962
3tz1,Kd=0.141uM,-9.34,6.85078088734
3u43,Kd=1fM,-20.45,15
3u82,Kd=17.1nM,-10.589,7.76700388961
3u8x,Kd=3.4uM,-7.455,5.46852108296
3u9d,Kd=0.5uM,-8.59,6.30102999566
3u9z,Kd=1.54uM,-7.924,5.81247927916
3ujg,IC50=1.7uM,-7.866,5.76955107862
3ukx,Kd=0.03nM,-14.346,10.5228787453
3ukz,Kd=2.4nM,-11.751,8.61978875829
3ul0,Kd=2.3nM,-11.777,8.63827216398
3ul1,Kd=2.7nM,-11.682,8.56863623584
3ul4,Kd=11.4nM,-10.829,7.94309514866
3uyo,Kd=6.8uM,-7.045,5.16749108729
3uyp,Kd=4.1uM,-7.344,5.38721614328
3uze,Kd=8nM,-11.039,8.09691001301
3uzq,Kd=0.082nM,-13.75,10.0861861476
3uzv,Kd=0.43nM,-12.769,9.36653154442
3v6b,Kd=0.28uM,-8.933,6.55284196866
3v96,Ki=1.1nM,-12.213,8.95860731484
3vpj,Kd=2.77nM,-11.666,8.55752023094
3vv2,Kd=52pM,-14.02,10.2839966564
3vyr,Kd=140nM,-9.344,6.85387196432
3w8h,Kd=0.164uM,-9.25,6.78515615195
3w8i,Kd=2.15nM,-11.816,8.66756154008
3wa5,Kd=28.1nM,-10.295,7.55129368009
3wdg,Kd=1.198nM,-12.163,8.92154318195
3wkt,Kd=0.1uM,-9.543,7
3wqb,Kd=1.8nM,-11.922,8.7447274949
3wrx,Kd=2.1uM,-7.741,5.67778070527
3wry,Kd=0.31uM,-8.873,6.50863830617
3wwn,Kd=6.62uM,-7.061,5.17914201056
3zet,Kd=0.29uM,-8.913,6.5376020021
3zkq,Kd=1.2nM,-12.162,8.92081875395
3znz,Kd=196nM,-9.145,6.70774392864
3zo0,Kd=437nM,-8.67,6.35951856303
3zrz,Kd=0.030nM,-14.346,10.5228787453
3zu7,Kd=6.6nM,-11.152,8.18045606446
3zuv,Kd=117nM,-9.45,6.93181413825
3zwl,Kd=160nM,-9.265,6.79588001734
3zwz,Kd=20.3nM,-10.487,7.69250396209
3zyi,Kd=7.3nM,-11.093,8.13667713988
4a1s,Kd=5nM,-11.317,8.30102999566
4a1u,Ki=0.54uM,-8.545,6.26760624018
4a49,Kd=42uM,-5.967,4.3767507096
4afq,Kd=2.4nM,-11.751,8.61978875829
4afz,Kd=0.9nM,-12.332,9.04575749056
4ag2,Kd=6.2nM,-11.189,8.2076083105
4an7,Ki=3.2nM,-11.581,8.49485002168
4aoq,Kd=201.8nM,-9.127,6.6950788381
4ap2,Kd=20nM,-10.496,7.69897000434
4apf,Kd=0.65uM,-8.435,6.18708664336
4apx,Kd=2.9uM,-7.549,5.5376020021
4aqe,Kd=2.4uM,-7.661,5.61978875829
4awx,Kd=0.5uM,-8.59,6.30102999566
4ayi,Kd=2nM,-11.859,8.69897000434
4b1v,Kd=0.32uM,-8.854,6.49485002168
4b1x,Kd=4.34uM,-7.311,5.36251027049
4b1y,Kd=0.27uM,-8.955,6.56863623584
4b93,Kd=2.3uM,-7.687,5.63827216398
4bd9,Ki=31nM,-10.237,7.50863830617
4bfi,Kd=0.6uM,-8.482,6.22184874962
4bkx,Kd=5uM,-7.227,5.30102999566
4bpk,IC50=25nM,-10.364,7.60205999133
4bru,Kd=200nM,-9.133,6.69897000434
4brw,Kd=50nM,-9.953,7.30102999566
4c2a,Kd=9.7nM,-10.924,8.01322826573
4c4k,Kd=2.7uM,-7.592,5.56863623584
4c4p,Kd=0.25uM,-9.001,6.60205999133
4c5g,Kd=1.03uM,-8.162,5.98716277529
4c99,Kd=114nM,-9.466,6.94309514866
4c9b,Kd=28.4nM,-10.288,7.54668165995
4cdk,Kd=1.9uM,-7.8,5.72124639905
4cj0,Kd=98nM,-9.555,7.00877392431
4cj1,Kd=48nM,-9.978,7.31875876262
4cj2,Kd=11nM,-10.85,7.95860731484
4cmm,Kd=0.8uM,-8.312,6.09691001301
4ct0,Kd=28nM,-10.297,7.55284196866
4cu4,Kd=1.2uM,-8.072,5.92081875395
4cvw,Kd=30pM,-14.346,10.5228787453
4d0g,Kd=1.8uM,-7.832,5.7447274949
4d0n,Kd=18.1uM,-6.465,4.74232142513
4dbg,Kd=0.52uM,-8.567,6.28399665637
4dh2,Kd=32.6nM,-10.207,7.48678239993
4di3,Kd=0.06uM,-9.846,7.22184874962
4did,Kd=6uM,-7.119,5.22184874962
4dj9,Kd=99nM,-9.549,7.0043648054
4dkd,Kd=94nM,-9.58,7.0268721464
4dm6,Kd=1.5uM,-7.94,5.82390874094
4dm8,Kd=1.5uM,-7.94,5.82390874094
4doq,Ki=140nM,-9.344,6.85387196432
4dra,Kd=1.17uM,-8.087,5.93181413825
4ds8,Kd=7.7uM,-6.971,5.11350927483
4dt1,Kd=0.56uM,-8.523,6.25181197299
4dxa,Kd=1.8uM,-7.832,5.7447274949
4dzv,Ki=11nM,-10.85,7.95860731484
4eee,Kd=0.2nM,-13.223,9.69897000434
4ehq,Kd=1.3uM,-8.024,5.88605664769
4eig,Kd=1nM,-12.27,9
4ekc,Kd=22nM,-10.44,7.65757731918
4ekd,Kd=22nM,-10.44,7.65757731918
4eoz,Kd=1uM,-8.18,6
4etp,Kd=0.37uM,-8.768,6.43179827593
4etw,Kd=3.1uM,-7.51,5.50863830617
4euk,Kd=4.1uM,-7.344,5.38721614328
4exp,Kd=500nM,-8.59,6.30102999566
4f38,Kd=2.9nM,-11.639,8.5376020021
4f48,Kd=3.2uM,-7.491,5.49485002168
4f9l,Kd=66nM,-9.789,7.18045606446
4f9p,Kd=15nM,-10.666,7.82390874094
4fq0,Kd=0.87uM,-8.262,6.06048074738
4ft4,Kd=0.5uM,-8.59,6.30102999566
4fza,Kd=99.1nM,-9.548,7.00392634551
4fzv,Kd=13.3nM,-10.738,7.87614835903
4g01,Kd=3.4uM,-7.455,5.46852108296
4g35,Ki=54nM,-9.908,7.26760624018
4g6u,Kd=17.8nM,-10.565,7.74957999769
4gaf,Kd=1.8pM,-16.012,11.7447274949
4geh,Kd=11.7nM,-10.813,7.93181413825
4gh7,Kd=5.77nM,-11.232,8.23882418684
4gi3,Ki=0.68nM,-12.498,9.16749108729
4giq,Kd=2.09uM,-7.743,5.67985371389
4gla,Kd=35.3uM,-6.07,4.45222529461
4gn4,Kd=0.253uM,-8.994,6.59687947882
4h2s,Kd=21.5uM,-6.363,4.66756154008
4h2w,Kd=1.73uM,-7.855,5.76195389687
4h3p,Kd=2uM,-7.769,5.69897000434
4h5s,Kd=12.5uM,-6.684,4.90308998699
4h6j,Kd=190nM,-9.163,6.72124639905
4hcn,Kd=106.7uM,-5.415,3.97183558058
4hcp,Kd=9.4uM,-6.853,5.0268721464
4hdo,Kd=0.36uM,-8.785,6.44369749923
4hep,Kd=300nM,-8.893,6.52287874528
4hff,Kd=0.269nM,-13.047,9.57024772
4hgk,Kd=0.19nM,-13.253,9.72124639905
4hgm,Kd=16nM,-10.628,7.79588001734
4hnj,Kd=3nM,-11.619,8.52287874528
4hrl,Kd=1nM,-12.27,9
4i0c,Kd=460nM,-8.64,6.33724216832
4i6l,Kd=20nM,-10.496,7.69897000434
4i9x,Kd=5.96nM,-11.213,8.22475374026
4ihh,Kd=59nM,-9.855,7.22914798836
4ika,Kd=57.5uM,-5.781,4.24033215531
4iop,Kd=0.67nM,-12.507,9.1739251973
4iu3,Kd=20.83nM,-10.472,7.68131073005
4iyp,Kd=0.3uM,-8.893,6.52287874528
4j2y,Ki=0.88nM,-12.345,9.05551732785
4j32,Kd=1.28nM,-12.124,8.89279003035
4je4,Kd=14nM,-10.707,7.85387196432
4jeg,Kd=12nM,-10.798,7.92081875395
4jeh,Kd=8.1nM,-11.031,8.09151498112
4jeu,Kd=1.4nM,-12.07,8.85387196432
4jra,Kd=28nM,-10.297,7.55284196866
4js0,Kd=5uM,-7.227,5.30102999566
4jw2,Kd=3.7nM,-11.495,8.43179827593
4jw3,Kd=1450nM,-7.96,5.83863199777
4jzw,Kd=15.4pM,-14.741,10.8124792792
4k0a,Kd=0.18nM,-13.285,9.7447274949
4k1r,Kd=10.2uM,-6.805,4.99139982824
4k5a,Kd=10.3nM,-10.889,7.98716277529
4ka2,Kd=8.4pM,-15.1,11.0757207139
4kbb,Kd=0.18uM,-9.195,6.7447274949
4kdi,Kd=0.71uM,-8.383,6.14874165128
4kfz,Kd=94nM,-9.58,7.0268721464
4kr0,Kd=16.7nM,-10.603,7.77728352885
4krl,Kd=47nM,-9.99,7.32790214206
4ksd,IC50=520nM,-8.567,6.28399665637
4kt1,Kd=56.5nM,-9.881,7.24795155218
4kt3,Kd=0.26nM,-13.067,9.58502665203
4kvg,Kd=0.7uM,-8.391,6.15490195999
4l0p,Kd=9nM,-10.969,8.04575749056
4l67,Kd=0.32uM,-8.854,6.49485002168
4lad,Kd=38nM,-10.116,7.42021640338
4lgr,Kd=0.11nM,-13.577,9.95860731484
4lrx,Kd=15uM,-6.576,4.82390874094
4lzx,Kd=5.07nM,-11.309,8.29499204067
4m0w,Kd=6.7uM,-7.054,5.1739251973
4m1l,Kd=0.18uM,-9.195,6.7447274949
4m5f,Kd=13.5pM,-14.819,10.8696662315
4mi8,Kd=1.38uM,-7.989,5.8601209136
4mp0,Kd=8.7nM,-10.989,8.06048074738
4mqv,Kd=2.9uM,-7.549,5.5376020021
4mrt,Kd=0.92uM,-8.229,6.03621217265
4msm,Kd=3uM,-7.529,5.52287874528
4n7v,Kd=32nM,-10.218,7.49485002168
4n7z,Kd=177nM,-9.205,6.75202673364
4nm3,Ki=60uM,-5.756,4.22184874962
4nqw,Kd=0.42uM,-8.693,6.3767507096
4nso,Kd=0.98nM,-12.282,9.00877392431
4nu1,Ki=60uM,-5.756,4.22184874962
4nzl,Kd=25nM,-10.364,7.60205999133
4nzw,Kd=504nM,-8.585,6.29756946355
4ofy,Kd=0.602uM,-8.48,6.22040350874
4ojk,Kd=22uM,-6.35,4.65757731918
4ol0,Kd=4.7nM,-11.353,8.32790214206
4p3y,Kd=146nM,-9.319,6.83564714422
4pas,Kd=126.6nM,-9.403,6.89756629432
4pbw,Kd=551nM,-8.533,6.25884840115
4pbz,Kd=0.05uM,-9.953,7.30102999566
4pc0,Kd=0.2uM,-9.133,6.69897000434
4per,Kd=1fM,-20.45,15
4pgj,Kd=26nM,-10.341,7.58502665203
4plo,Kd=0.038uM,-10.116,7.42021640338
4pou,Kd=157nM,-9.276,6.80410034759
4pqt,Kd=1.1uM,-8.123,5.95860731484
4pw9,Kd=13.5uM,-6.639,4.8696662315
4pz6,Kd=0.21uM,-9.104,6.67778070527
4qlb,Kd=1.6uM,-7.902,5.79588001734
4qlp,Kd=0.23nM,-13.14,9.63827216398
4qxa,Kd=0.32uM,-8.854,6.49485002168
4qzv,Kd=35.7uM,-6.063,4.44733178389
4re1,Kd=1.2uM,-8.072,5.92081875395
4rey,Kd=108nM,-9.498,6.96657624451
4rs1,Kd=23.9nM,-10.391,7.62160209905
4rt6,Kd=13.2nM,-10.742,7.87942606879
4rws,IC50=6nM,-11.209,8.22184874962
4s0s,Kd=11.4nM,-10.829,7.94309514866
4tq0,Kd=6.9uM,-7.036,5.16115090926
4tq1,Kd=350uM,-4.711,3.45593195565
4u2x,Kd=1nM,-12.27,9
4u30,Ki=138nM,-9.352,6.8601209136
4u32,Ki=379nM,-8.754,6.42136079003
4u4c,Kd=310nM,-8.873,6.50863830617
4udm,Kd=4nM,-11.449,8.39794000867
4uem,Kd=6.4nM,-11.171,8.19382002602
4uf1,Kd=6.98uM,-7.029,5.15614457738
4uwx,Kd=6.9uM,-7.036,5.16115090926
4uyq,Kd=14pM,-14.797,10.8538719643
4w6w,Kd=3.57nM,-11.516,8.44733178389
4w6x,Kd=5.25nM,-11.288,8.27984069659
4w6y,Kd=1.58nM,-11.999,8.80134291305
4wem,Kd=6.8uM,-7.045,5.16749108729
4wen,Kd=0.1uM,-9.543,7
4wnd,Kd=32.9nM,-10.201,7.48280410205
4x33,Kd=0.25uM,-9.001,6.60205999133
4x7d,Kd=3.5nM,-11.528,8.45593195565
4x7e,Kd=7nM,-11.118,8.15490195999
4x7f,Kd=28nM,-10.297,7.55284196866
4x7s,Kd=10nM,-10.906,8
4xl1,Kd=304nM,-8.885,6.51712641639
4xl5,Kd=1.4nM,-12.07,8.85387196432
4xlw,Kd=262nM,-8.973,6.58169870868
4xwj,Kd=4.45nM,-11.386,8.35163998902
4xxb,Kd=1.48uM,-7.948,5.82973828461
4xxw,Kd=5.12uM,-7.213,5.29073003902
4y5o,Kd=1.4uM,-7.981,5.85387196432
4y61,Kd=355.5nM,-8.792,6.44916039493
4yc7,Kd=1.89uM,-7.803,5.72353819583
4ydh,Kd=2.55uM,-7.626,5.59345981957
4yeb,Kd=17nM,-10.592,7.76955107862
4yh7,Kd=0.15uM,-9.303,6.82390874094
4yiz,Kd=8nM,-11.039,8.09691001301
4yj4,Kd=9.9nM,-10.912,8.0043648054
4yl8,Kd=5.4uM,-7.181,5.26760624018
4yn0,Kd=85nM,-9.639,7.07058107429
4yoc,Kd=0.6uM,-8.482,6.22184874962
4yvq,Kd=2.03uM,-7.761,5.69250396209
4yyp,Kd=280nM,-8.933,6.55284196866
4z80,Kd=12nM,-10.798,7.92081875395
4z9k,Kd=2.2nM,-11.803,8.65757731918
4zgm,IC50=0.38nM,-12.843,9.42021640338
4zgq,Kd=2.5uM,-7.637,5.60205999133
4zgy,Kd=0.7uM,-8.391,6.15490195999
4zi2,Kd=0.42uM,-8.693,6.3767507096
4zii,IC50=66nM,-9.789,7.18045606446
4zk9,Kd=0.24nM,-13.115,9.61978875829
4zkc,Kd=0.22nM,-13.166,9.65757731918
4zqu,Kd=16nM,-10.628,7.79588001734
4zrj,Kd=2.9uM,-7.549,5.5376020021
4zw2,Kd=4.9nM,-11.329,8.30980391997
5aam,Kd=3.8nM,-11.479,8.42021640338
5aaw,Kd=4.32nM,-11.403,8.36451625319
5agw,IC50=10.2nM,-10.895,7.99139982824
5ajj,Kd=3220nM,-7.487,5.4921441283
5ajk,Kd=2640nM,-7.605,5.57839607313
5ayr,Kd=1.959nM,-11.872,8.70796556401
5b64,Kd=70nM,-9.754,7.15490195999
5b75,Kd=10uM,-6.816,5
5b76,Kd=5.8uM,-7.139,5.23657200644
5b77,Kd=10.8uM,-6.771,4.96657624451
5b78,Kd=1.88uM,-7.806,5.72584215074
5bn5,Kd=11uM,-6.76,4.95860731484
5bnq,Kd=0.156nM,-13.37,9.80687540165
5boz,Kd=0.7nM,-12.481,9.15490195999
5c3f,IC50=1.6uM,-7.902,5.79588001734
5c67,Ki=89pM,-13.702,10.0506099934
5chv,Kd=1.49uM,-7.944,5.82681373159
5ctr,Kd=0.88uM,-8.255,6.05551732785
5cx3,Kd=0.54uM,-8.545,6.26760624018
5cxb,Kd=9.19nM,-10.956,8.03668448861
5cyk,Kd=249nM,-9.003,6.6038006529
5czf,Kd=100pM,-13.633,10
5d1k,Kd=180nM,-9.195,6.7447274949
5d1l,Kd=141nM,-9.34,6.85078088734
5d1m,Kd=62nM,-9.826,7.2076083105
5d28,Kd=27nM,-10.318,7.56863623584
5d3i,Kd=0.6nM,-12.572,9.22184874962
5dc4,Kd=35nM,-10.165,7.45593195565
5dcq,Kd=0.18uM,-9.195,6.7447274949
5dfw,Kd=0.5nM,-12.68,9.30102999566
5djt,Kd=17nM,-10.592,7.76955107862
5dju,Kd=11.4nM,-10.829,7.94309514866
5dmj,Kd=5.3nM,-11.282,8.2757241304
5dob,Kd=1uM,-8.18,6
5e6p,Kd=2uM,-7.769,5.69897000434
5e95,Kd=15.7nM,-10.639,7.80410034759
5eb1,Kd=140nM,-9.344,6.85387196432
5ee5,Kd=26uM,-6.251,4.58502665203
5eg3,Kd=0.135uM,-9.365,6.8696662315
5elu,Kd=414nM,-8.702,6.38299965888
5eo9,Kd=0.37uM,-8.768,6.43179827593
5eql,Kd=68nM,-9.771,7.16749108729
5et1,Kd=107nM,-9.503,6.97061622231
5f3x,Kd=3.11nM,-11.598,8.50723961097
5f4e,Kd=48nM,-9.978,7.31875876262
5f5s,Kd=22nM,-10.44,7.65757731918
5fr1,Kd=3.3uM,-7.473,5.48148606012
5fr2,Kd=141nM,-9.34,6.85078088734
5ft8,Kd=117nM,-9.45,6.93181413825
5fw5,Kd=80nM,-9.675,7.09691001301
5fzt,Kd=48uM,-5.888,4.31875876262
5g15,Kd=0.17uM,-9.229,6.76955107862
5g1x,Kd=12.1uM,-6.704,4.91721462968
5gjk,Kd=0.12uM,-9.435,6.92081875395
5glh,Kd=20.7pM,-14.566,10.6840296545
5gpg,IC50=2.61nM,-11.702,8.58335949266
5gtb,Kd=46uM,-5.913,4.33724216832
5gy2,IC50=204pM,-13.211,9.69036983257
5h3j,Kd=0.27uM,-8.955,6.56863623584
5h7y,Kd=125nM,-9.411,6.90308998699
5h9b,Kd=674.1nM,-8.413,6.17127567286
5hpk,Kd=9.7nM,-10.924,8.01322826573
5hps,Kd=322.9nM,-8.849,6.49093195498
5hu3,Kd=1uM,-8.18,6
5hvf,Kd=0.03nM,-14.346,10.5228787453
5ij0,Kd=7.9uM,-6.956,5.10237290871
5ij9,Kd=13.4uM,-6.643,4.87289520164
5imk,Kd=850nM,-8.276,6.07058107429
5imm,Kd=3.5nM,-11.528,8.45593195565
5imt,Kd=367nM,-8.773,6.43533393575
5inb,Kd=123nM,-9.421,6.91009488856
5ip4,Kd=451nM,-8.651,6.34582345812
5ixd,Kd=70.5nM,-9.75,7.15181088301
5j28,Kd=193nM,-9.154,6.71444269099
5j56,Kd=3.2nM,-11.581,8.49485002168
5j57,Kd=0.02nM,-14.586,10.6989700043
5j8h,Kd=153nM,-9.291,6.81530856918
5jds,Kd=3nM,-11.619,8.52287874528
5jg6,Kd=1.6uM,-7.902,5.79588001734
5jjd,Kd=9.2uM,-6.866,5.03621217265
5jke,Kd=91nM,-9.599,7.04095860768
5jsn,Kd=0.8uM,-8.312,6.09691001301
5jw7,Kd=9.09uM,-6.873,5.04143611678
5jw9,Kd=0.086uM,-9.632,7.06550154876
5k22,Kd=25nM,-10.364,7.60205999133
5k8q,Kd=0.9nM,-12.332,9.04575749056
5kho,Kd=0.9uM,-8.242,6.04575749056
5kve,Kd=35nM,-10.165,7.45593195565
5kxh,Kd=0.49uM,-8.602,6.30980391997
5ky0,Kd=6.5uM,-7.072,5.18708664336
5ky4,Kd=10uM,-6.816,5
5ky5,Kd=0.79uM,-8.319,6.10237290871
5ky9,Kd=5.9uM,-7.129,5.22914798836
5l21,Kd=3.7nM,-11.495,8.43179827593
5l8j,Kd=2uM,-7.769,5.69897000434
5lgk,Kd=1.2uM,-8.072,5.92081875395
5lhn,Kd=11.2nM,-10.839,7.95078197733
5li1,Kd=0.47uM,-8.627,6.32790214206
5lrw,Kd=9.3uM,-6.859,5.03151705145
5lxm,Kd=0.18uM,-9.195,6.7447274949
5lxq,Kd=0.64uM,-8.444,6.19382002602
5lz3,Kd=19uM,-6.436,4.72124639905
5lz6,Kd=8uM,-6.949,5.09691001301
5m2j,Kd=0.13nM,-13.478,9.88605664769
5m2m,Kd=1.5nM,-12.03,8.82390874094
5m36,Kd=2.75uM,-7.581,5.56066730617
5m72,Kd=33nM,-10.2,7.48148606012
5ma3,Kd=38pM,-14.206,10.4202164034
5ma4,Kd=52pM,-14.02,10.2839966564
5ma6,Kd=303pM,-12.977,9.5185573715
5mak,Kd=29pM,-14.366,10.5376020021
5me5,Kd=2.15uM,-7.727,5.66756154008
5ml9,Kd=217nM,-9.084,6.66354026615
5mr4,Kd=220nM,-9.076,6.65757731918
5mr5,Kd=80nM,-9.675,7.09691001301
5mrv,Ki=3.8uM,-7.389,5.42021640338
5mtj,Kd=338nM,-8.822,6.47108329972
5mtm,Kd=7.0nM,-11.118,8.15490195999
5mtn,Kd=23.5nM,-10.401,7.62893213773
5mv8,Kd=1.4uM,-7.981,5.85387196432
5mv9,Kd=1uM,-8.18,6
5my6,Kd=3.99nM,-11.45,8.39902710431
5npo,Kd=0.95uM,-8.21,6.02227639471
5nqf,Kd=169nM,-9.232,6.77211329539
5nqg,Kd=50nM,-9.953,7.30102999566
5nt1,Kd=16.1uM,-6.535,4.79317412397
5nt7,Kd=10.6uM,-6.782,4.97469413474
5nus,Kd=11nM,-10.85,7.95860731484
5nvm,Kd=14nM,-10.707,7.85387196432
5nwm,Kd=0.04uM,-10.086,7.39794000867
5o05,Kd=0.81nM,-12.394,9.09151498112
5o0w,Kd=73.83pM,-13.813,10.1317671316
5o2t,Kd=167nM,-9.239,6.77728352885
5o2u,Kd=0.69nM,-12.489,9.16115090926
5o90,Kd=1.1uM,-8.123,5.95860731484
5oaq,Kd=58nM,-9.866,7.23657200644
5odw,Kd=240pM,-13.115,9.61978875829
5oen,Kd=10nM,-10.906,8
5omb,Kd=0.43uM,-8.679,6.36653154442
5omn,Kd=9.5nM,-10.937,8.02227639471
5otx,IC50=187nM,-9.172,6.72815839346
5oy9,Kd=3.75uM,-7.397,5.42596873227
5oyl,Kd=7.5uM,-6.987,5.12493873661
5swk,Kd=2.57uM,-7.621,5.59006687667
5szh,Kd=5.2uM,-7.204,5.28399665637
5szi,Kd=253nM,-8.994,6.59687947882
5szj,Kd=790uM,-4.229,3.10237290871
5szk,Kd=1.1uM,-8.123,5.95860731484
5t0f,IC50=58nM,-9.866,7.23657200644
5tar,Kd=2.3uM,-7.687,5.63827216398
5tl6,Kd=57.6uM,-5.78,4.23957751658
5tl7,Kd=1870uM,-3.719,2.72815839346
5tp6,Kd=1.9nM,-11.89,8.72124639905
5tvq,Kd=0.88uM,-8.255,6.05551732785
5twa,Kd=66nM,-9.789,7.18045606446
5tzp,Kd=30nM,-10.256,7.52287874528
5tzq,Kd=16nM,-10.628,7.79588001734
5u4k,Kd=15uM,-6.576,4.82390874094
5u4m,Kd=0.39nM,-12.827,9.40893539297
5u4y,Kd=25nM,-10.364,7.60205999133
5u52,Kd=27nM,-10.318,7.56863623584
5ua4,Kd=26nM,-10.341,7.58502665203
5ufe,Kd=50.3nM,-9.95,7.29843201494
5uk5,Kd=0.81uM,-8.305,6.09151498112
5un5,Kd=18nM,-10.558,7.7447274949
5un7,Kd=120nM,-9.435,6.92081875395
5uul,Ki=4.8nM,-11.341,8.31875876262
5uwc,Kd=17.8nM,-10.565,7.74957999769
5uzu,Kd=10nM,-10.906,8
5v52,Kd=3.7uM,-7.405,5.43179827593
5v5h,Kd=158nM,-9.272,6.80134291305
5v62,IC50=25nM,-10.364,7.60205999133
5v69,Kd=35.9nM,-10.15,7.44490555142
5v6a,Kd=53.2nM,-9.917,7.2740883677
5vkl,Kd=113nM,-9.471,6.94692155652
5vko,Kd=4nM,-11.449,8.39794000867
5vmo,Kd=887nM,-8.251,6.05207638017
5vwy,Kd=1.3uM,-8.024,5.88605664769
5vx0,Kd=21uM,-6.377,4.67778070527
5vx3,Kd=0.4nM,-12.812,9.39794000867
5vxz,Kd=720fM,-16.554,12.1426675036
5vz4,Kd=8nM,-11.039,8.09691001301
5vzm,Kd=48.8uM,-5.878,4.311580178
5w3x,Kd=3.37uM,-7.46,5.47237009913
5w89,IC50=25nM,-10.364,7.60205999133
5wb7,Kd=0.76uM,-8.342,6.11918640772
5wgg,Kd=0.7uM,-8.391,6.15490195999
5wos,Kd=353nM,-8.796,6.45222529461
5wpa,Kd=0.55uM,-8.534,6.25963731051
5wrv,Kd=0.73uM,-8.366,6.13667713988
5wuj,Kd=422nM,-8.691,6.37468754904
5wy2,Kd=0.54uM,-8.545,6.26760624018
5x0w,Kd=3.7uM,-7.405,5.43179827593
5xbf,Kd=1.7uM,-7.866,5.76955107862
5xco,Kd=8.9nM,-10.975,8.05060999336
5xda,Kd=1.6uM,-7.902,5.79588001734
5xeq,Kd=0.4nM,-12.812,9.39794000867
5xiu,Kd=25uM,-6.274,4.60205999133
5xjg,Kd=4.52uM,-7.287,5.34486156519
5xln,Kd=2.48uM,-7.642,5.60554831917
5xnp,Kd=281.8nM,-8.93,6.55005901123
5xoc,Kd=8uM,-6.949,5.09691001301
5xod,Kd=28.1nM,-10.295,7.55129368009
5xqz,Kd=12.3uM,-6.694,4.91009488856
5xv8,Kd=71.4nM,-9.743,7.14630178822
5xwt,Kd=14.4uM,-6.601,4.8416375079
5y1z,Kd=4.3uM,-7.316,5.36653154442
5yi8,Kd=1.8uM,-7.832,5.7447274949
5yip,Kd=3.7nM,-11.495,8.43179827593
5yqz,IC50=8.1nM,-11.031,8.09151498112
5yr0,Kd=7.6uM,-6.979,5.11918640772
5ywr,Kd=39nM,-10.101,7.40893539297
5z2w,Kd=0.67uM,-8.417,6.1739251973
5z78,Kd=0.9uM,-8.242,6.04575749056
5zau,Kd=60nM,-9.846,7.22184874962
5zo2,Kd=1.1uM,-8.123,5.95860731484
5zqv,Kd=0.26uM,-8.977,6.58502665203
6aaf,Kd=161nM,-9.261,6.79317412397
6akm,Kd=6.9uM,-7.036,5.16115090926
6amb,Kd=17.8uM,-6.475,4.74957999769
6arq,Kd=10.2uM,-6.805,4.99139982824
6atk,Kd=0.43uM,-8.679,6.36653154442
6aw2,Kd=57nM,-9.876,7.24412514433
6azp,Kd=35.1nM,-10.163,7.45469288353
6b12,Kd=8.1nM,-11.031,8.09151498112
6ba6,Kd=162uM,-5.168,3.79048498546
6bmt,Kd=310nM,-8.873,6.50863830617
6bw9,Kd=4.39nM,-11.394,8.35753547976
6bx8,Ki=0.2uM,-9.133,6.69897000434
6bxa,Kd=40nM,-10.086,7.39794000867
6cbp,Kd=7uM,-7.028,5.15490195999
6cwg,Kd=0.102nM,-13.621,9.99139982824
6d13,Kd=9.3nM,-10.949,8.03151705145
6d4p,IC50=65nM,-9.798,7.18708664336
6dcn,Kd=1.4uM,-7.981,5.85387196432
6dgf,IC50=9.5nM,-10.937,8.02227639471
6dsl,Kd=500pM,-12.68,9.30102999566
6dwf,Ki=1.3nM,-12.114,8.88605664769
6dwh,Ki=0.2nM,-13.223,9.69897000434
6e2p,Kd=18.7uM,-6.446,4.72815839346
6e3i,Kd=3.21nM,-11.579,8.4934949676
6e3j,Kd=13.98nM,-10.708,7.85449282859
6eg0,Kd=77.7uM,-5.603,4.1095789812
6eg1,Kd=76.6uM,-5.611,4.11577123037
6ejm,Kd=0.86nM,-12.359,9.06550154876
6er6,Kd=51nM,-9.942,7.2924298239
6f0f,Kd=0.18uM,-9.195,6.7447274949
6f0g,Kd=0.055uM,-9.897,7.25963731051
6f2g,Kd=3.9nM,-11.464,8.40893539297
6f3z,Kd=405nM,-8.715,6.39254497679
6f9s,Kd=1.62uM,-7.894,5.79048498546
6fbx,Kd=343nM,-8.813,6.46470587996
6fc3,Kd=20nM,-10.496,7.69897000434
6ff3,Kd=13.6nM,-10.724,7.86646109163
6fg8,Kd=0.98uM,-8.192,6.00877392431
6fp7,Kd=3nM,-11.619,8.52287874528
6fpg,Kd=101.9nM,-9.532,6.99182581599
6fq0,Kd=160nM,-9.265,6.79588001734
6fub,Kd=29nM,-10.276,7.5376020021
6fud,Kd=73nM,-9.729,7.13667713988
6fuz,Kd=3.19uM,-7.493,5.49620931694
6fv0,Kd=1.72uM,-7.859,5.76447155309
6g04,Kd=0.7uM,-8.391,6.15490195999
6gbg,Kd=417nM,-8.698,6.37986394503
6gbh,Kd=69nM,-9.763,7.16115090926
6gd5,Kd=3.8nM,-11.479,8.42021640338
6gfi,Ki=494pM,-12.687,9.30627305108
6gho,Kd=0.8uM,-8.312,6.09691001301
6gjq,Kd=25nM,-10.364,7.60205999133
6gum,Kd=1.2uM,-8.072,5.92081875395
6gvk,Kd=2.0uM,-7.769,5.69897000434
6gvl,Kd=44uM,-5.939,4.35654732351
6h16,Kd=31.8nM,-10.221,7.49757288002
6h46,Kd=30nM,-10.256,7.52287874528
6h47,Kd=10nM,-10.906,8
6h71,Kd=43.4nM,-10.037,7.36251027049
6h9n,Kd=0.8uM,-8.312,6.09691001301
6har,Ki=61pM,-13.926,10.214670165
6her,Kd=40nM,-10.086,7.39794000867
6ht9,Ki=0.1nM,-13.633,10
6hul,Kd=0.3uM,-8.893,6.52287874528
6i07,Kd=10nM,-10.906,8
6i2m,Kd=5.31nM,-11.281,8.27490547892
6i3f,Kd=20.3nM,-10.487,7.69250396209
6ib8,Kd=94nM,-9.58,7.0268721464
6idx,Kd=3.36uM,-7.462,5.47366072261
6ihb,Kd=57nM,-9.876,7.24412514433
6im9,Kd=25nM,-10.364,7.60205999133
6imf,Kd=24nM,-10.388,7.61978875829
6in9,Kd=1.2uM,-8.072,5.92081875395
6ird,Kd=0.21uM,-9.104,6.67778070527
6ire,Kd=10.6nM,-10.872,7.97469413474
6isc,Kd=2.4uM,-7.661,5.61978875829
6iu7,Kd=0.9nM,-12.332,9.04575749056
6iua,Kd=2.0nM,-11.859,8.69897000434
6ivu,Kd=11pM,-14.94,10.9586073148
6iw8,Kd=332nM,-8.833,6.4788619163
6iwa,Kd=126nM,-9.406,6.89962945488
6iwd,Kd=18.2nM,-10.552,7.73992861201
6j4o,Kd=18nM,-10.558,7.7447274949
6j4s,Kd=0.16uM,-9.265,6.79588001734
6j56,Kd=0.67uM,-8.417,6.1739251973
6j7w,Kd=0.3nM,-12.983,9.52287874528
6j9h,Kd=42nM,-10.057,7.3767507096
6jb2,Kd=295nM,-8.903,6.53017798402
6jb8,Kd=0.129nM,-13.482,9.8894102897
6jcs,Kd=0.287uM,-8.919,6.54211810327
6jjw,Kd=8.2nM,-11.024,8.08618614762
6jwj,Kd=85.7nM,-9.634,7.06701917808
6k06,Kd=227nM,-9.058,6.64397414281
6k4k,Kd=6.51nM,-11.161,8.18641901143
6kbm,Kd=0.60uM,-8.482,6.22184874962
6kbn,Kd=1.46uM,-7.956,5.83564714422
6kbr,Kd=8.91pM,-15.065,11.050122296
6m7l,Kd=10.4uM,-6.793,4.9829666607
6m9k,Kd=12uM,-6.709,4.92081875395
6mav,Ki=33.5pM,-14.281,10.474955193
6mba,Kd=17nM,-10.592,7.76955107862
6mc9,Kd=305nM,-8.883,6.51570016065
6mkz,Kd=0.2nM,-13.223,9.69897000434
6mm6,Kd=73.5uM,-5.635,4.13371266092
6mud,Kd=1.02uM,-8.168,5.99139982824
6n85,Kd=0.24uM,-9.025,6.61978875829
6n9d,Ki=17.8pM,-14.655,10.7495799977
6ndz,Kd=0.2nM,-13.223,9.69897000434
6ne1,Kd=1.4nM,-12.07,8.85387196432
6ne2,Kd=1.3nM,-12.114,8.88605664769
6ne4,Kd=1.6nM,-11.991,8.79588001734
6o3o,Kd=1.8uM,-7.832,5.7447274949
6oan,IC50=4.88nM,-11.331,8.311580178
6obn,Kd=30.4nM,-10.248,7.51712641639
6on9,Kd=10uM,-6.816,5
6oqj,Kd=9nM,-10.969,8.04575749056
6oqk,Kd=42nM,-10.057,7.3767507096
6oqq,Kd=28nM,-10.297,7.55284196866
6osw,Kd=2uM,-7.769,5.69897000434
6ov2,Kd=3.58nM,-11.515,8.44611697336
6p7s,Kd=0.24nM,-13.115,9.61978875829
6p7y,Kd=0.56nM,-12.613,9.25181197299
6plm,Kd=89.6nM,-9.608,7.04769199034
6pnp,Kd=299.2nM,-8.894,6.52403841081
6pnq,Kd=49nM,-9.965,7.30980391997
6q69,Kd=0.17uM,-9.229,6.76955107862
6qb3,Kd=2.38uM,-7.666,5.62342304294
6r2g,Kd=0.758pM,-16.524,12.1203307944
6s29,Kd=7.75nM,-11.057,8.11069829749
6saz,Ki=0.14nM,-13.434,9.85387196432
6umt,Kd=2.6nM,-11.704,8.58502665203
