protein_cluster	sequence_id	cluster_size
PC0001	1g6v_2	55
PC0001	1op9_2	55
PC0001	1ri8_2	55
PC0001	1zvh_2	55
PC0001	2aq2_1	55
PC0001	2ij0_2	55
PC0001	2p49_2	55
PC0001	2p4a_2	55
PC0001	3bzd_1	55
PC0001	3eba_1	55
PC0001	3qsk_2	55
PC0001	3zkq_2	55
PC0001	4eig_2	55
PC0001	4f9p_2	55
PC0001	4hep_2	55
PC0001	4hgk_2	55
PC0001	4i0c_2	55
PC0001	4krl_2	55
PC0001	4ksd_2	55
PC0001	4pgj_1	55
PC0001	4pou_2	55
PC0001	4w6w_2	55
PC0001	4w6x_2	55
PC0001	4w6y_2	55
PC0001	4wem_2	55
PC0001	4wen_2	55
PC0001	4x7e_2	55
PC0001	4x7f_2	55
PC0001	4z9k_2	55
PC0001	5hvf_2	55
PC0001	5imk_1	55
PC0001	5imm_1	55
PC0001	5ip4_1	55
PC0001	5j57_2	55
PC0001	5jds_1	55
PC0001	5l21_2	55
PC0001	5l8j_2	55
PC0001	5lhn_2	55
PC0001	5m2j_2	55
PC0001	5m2m_2	55
PC0001	5my6_2	55
PC0001	5o05_1	55
PC0001	5o0w_2	55
PC0001	5o2u_2	55
PC0001	5omn_2	55
PC0001	5u4m_2	55
PC0001	6cwg_2	55
PC0001	6f2g_2	55
PC0001	6fuz_2	55
PC0001	6fv0_2	55
PC0001	6gjq_2	55
PC0001	6h16_2	55
PC0001	6her_2	55
PC0001	6j7w_1	55
PC0001	6jb2_1	55
PC0002	1avz_2	51
PC0002	1efn_1	51
PC0002	1otr_2	51
PC0002	1p9d_1	51
PC0002	1q0w_2	51
PC0002	1q5w_2	51
PC0002	1wr1_1	51
PC0002	1wrd_2	51
PC0002	1yx5_2	51
PC0002	1yx6_2	51
PC0002	1zgu_2	51
PC0002	1zsg_1	51
PC0002	2c7m_2	51
PC0002	2den_2	51
PC0002	2fuh_2	51
PC0002	2g45_2	51
PC0002	2jt4_1	51
PC0002	2jt4_2	51
PC0002	2jy6_1	51
PC0002	2k6d_1	51
PC0002	2k79_1	51
PC0002	2k7a_1	51
PC0002	2k8b_1	51
PC0002	2k8c_1	51
PC0002	2ktf_1	51
PC0002	2kwu_2	51
PC0002	2kwv_2	51
PC0002	2l0f_1	51
PC0002	2l0t_1	51
PC0002	2lvo_1	51
PC0002	2lz6_1	51
PC0002	2mbb_2	51
PC0002	2mcn_1	51
PC0002	2mcn_2	51
PC0002	2mj5_1	51
PC0002	2mre_1	51
PC0002	2mro_1	51
PC0002	3reb_2	51
PC0002	4afq_2	51
PC0002	4ag2_2	51
PC0002	4hcp_2	51
PC0002	4k1r_2	51
PC0002	4m0w_2	51
PC0002	4msm_2	51
PC0002	4pqt_2	51
PC0002	5tl7_1	51
PC0002	5v69_2	51
PC0002	5v6a_2	51
PC0002	5vzm_1	51
PC0002	5zau_1	51
PC0002	6d4p_2	51
PC0003	1ees_1	37
PC0003	1gua_1	37
PC0003	1ibr_1	37
PC0003	1wq1_1	37
PC0003	2a78_1	37
PC0003	2a9k_1	37
PC0003	2kwi_1	37
PC0003	2rmk_1	37
PC0003	3ch5_1	37
PC0003	3ddc_1	37
PC0003	3eg5_1	37
PC0003	3gj3_1	37
PC0003	3gj4_1	37
PC0003	3gj6_1	37
PC0003	3gj8_1	37
PC0003	3jza_1	37
PC0003	3kuc_1	37
PC0003	3kud_1	37
PC0003	3tkl_1	37
PC0003	4c4p_1	37
PC0003	4d0g_1	37
PC0003	4did_1	37
PC0003	4dxa_1	37
PC0003	4g01_2	37
PC0003	4hdo_2	37
PC0003	4kvg_1	37
PC0003	4ojk_1	37
PC0003	4ol0_1	37
PC0003	4qxa_1	37
PC0003	4yc7_2	37
PC0003	5e95_2	37
PC0003	5fr2_1	37
PC0003	5o2t_1	37
PC0003	5szh_2	37
PC0003	5ufe_1	37
PC0003	6ba6_2	37
PC0003	6h46_1	37
PC0004	1c9t_1	32
PC0004	1d6r_1	32
PC0004	1eja_1	32
PC0004	1g9i_1	32
PC0004	1ldt_1	32
PC0004	1ppe_1	32
PC0004	1smf_1	32
PC0004	1yc0_1	32
PC0004	2ftm_1	32
PC0004	2g81_1	32
PC0004	2ptc_1	32
PC0004	2r9p_1	32
PC0004	2ra3_1	32
PC0004	2tgp_1	32
PC0004	2uuy_1	32
PC0004	2xtt_2	32
PC0004	3fp6_1	32
PC0004	3l33_1	32
PC0004	3p92_1	32
PC0004	3p95_1	32
PC0004	4afq_1	32
PC0004	4ag2_1	32
PC0004	4aoq_1	32
PC0004	4j2y_2	32
PC0004	4u30_1	32
PC0004	4u32_2	32
PC0004	5c67_1	32
PC0004	6dwf_1	32
PC0004	6dwh_1	32
PC0004	6gfi_1	32
PC0004	6har_1	32
PC0004	6kbr_1	32
PC0005	1eaw_2	23
PC0005	1f5r_2	23
PC0005	1f7z_2	23
PC0005	1fy8_2	23
PC0005	1yc0_2	23
PC0005	1zjd_2	23
PC0005	1zr0_2	23
PC0005	2ftl_2	23
PC0005	2ftm_2	23
PC0005	2ptc_2	23
PC0005	2r9p_2	23
PC0005	2ra3_2	23
PC0005	2tgp_2	23
PC0005	3fp6_2	23
PC0005	3p92_2	23
PC0005	3p95_2	23
PC0005	3tgk_2	23
PC0005	4u30_2	23
PC0005	4u32_1	23
PC0005	5c67_2	23
PC0005	6bx8_2	23
PC0005	6gfi_2	23
PC0005	6har_2	23
PC0006	1r0r_1	20
PC0006	1tm1_1	20
PC0006	1tm3_1	20
PC0006	1tm4_1	20
PC0006	1tm5_1	20
PC0006	1tm7_1	20
PC0006	1to1_1	20
PC0006	1y1k_1	20
PC0006	1y33_1	20
PC0006	1y34_1	20
PC0006	1y3b_1	20
PC0006	1y3c_1	20
PC0006	1y3d_1	20
PC0006	1y48_1	20
PC0006	1y4a_1	20
PC0006	2sic_1	20
PC0006	2sni_1	20
PC0006	2z58_1	20
PC0006	3vv2_1	20
PC0006	4gi3_1	20
PC0007	1g5j_1	18
PC0007	2kbw_1	18
PC0007	2m04_1	18
PC0007	2pon_2	18
PC0007	2yq7_1	18
PC0007	3kj0_1	18
PC0007	3kj1_1	18
PC0007	3kj2_1	18
PC0007	3kz0_1	18
PC0007	3r85_1	18
PC0007	4bpk_1	18
PC0007	4g35_1	18
PC0007	4hnj_2	18
PC0007	4k5a_1	18
PC0007	5c3f_1	18
PC0007	5vx3_1	18
PC0007	5w89_1	18
PC0007	6fbx_1	18
PC0008	1dzb_1	17
PC0008	3uyp_2	17
PC0008	3uze_2	17
PC0008	3uzq_1	17
PC0008	3uzv_2	17
PC0008	4f9l_2	17
PC0008	4x7s_1	17
PC0008	4x7s_2	17
PC0008	5aam_1	17
PC0008	5aaw_1	17
PC0008	5dfw_2	17
PC0008	5kve_2	17
PC0008	6cbp_2	17
PC0008	6ejm_2	17
PC0008	6i07_1	17
PC0008	6oan_2	17
PC0008	6qb3_2	17
PC0009	1xr0_1	17
PC0009	2jby_2	17
PC0009	2vog_2	17
PC0009	2voh_2	17
PC0009	2xpx_2	17
PC0009	3kz0_2	17
PC0009	4yj4_2	17
PC0009	4zii_2	17
PC0009	5ajk_2	17
PC0009	5twa_2	17
PC0009	5tzp_2	17
PC0009	5tzq_2	17
PC0009	5uul_2	17
PC0009	5wos_2	17
PC0009	6e3i_2	17
PC0009	6e3j_2	17
PC0009	6fbx_2	17
PC0010	1yd8_1	15
PC0010	2dx5_2	15
PC0010	2hth_1	15
PC0010	2k6d_2	15
PC0010	2knb_1	15
PC0010	2mur_2	15
PC0010	2oob_2	15
PC0010	3kw5_2	15
PC0010	4hcn_2	15
PC0010	4i6l_2	15
PC0010	5hpk_2	15
PC0010	5hps_2	15
PC0010	5v5h_2	15
PC0010	5xiu_2	15
PC0010	6dgf_2	15
PC0011	1dzb_2	13
PC0011	1op9_1	13
PC0011	1ri8_1	13
PC0011	1rjc_1	13
PC0011	1zvh_1	13
PC0011	1zvy_1	13
PC0011	3m18_2	13
PC0011	4cj2_1	13
PC0011	4gla_1	13
PC0011	4gn4_1	13
PC0011	4i0c_1	13
PC0011	6jb2_2	13
PC0011	6jb8_2	13
PC0012	1e96_1	13
PC0012	1grn_1	13
PC0012	1he8_2	13
PC0012	1zc3_1	13
PC0012	1zc4_1	13
PC0012	2fju_1	13
PC0012	4d0n_1	13
PC0012	4js0_1	13
PC0012	5fr1_1	13
PC0012	5szk_2	13
PC0012	5tar_1	13
PC0012	5xco_1	13
PC0012	6amb_1	13
PC0013	1h1v_1	12
PC0013	1t44_2	12
PC0013	2btf_1	12
PC0013	2v51_1	12
PC0013	2v52_1	12
PC0013	3sjh_1	12
PC0013	3u8x_1	12
PC0013	3u9d_1	12
PC0013	3u9z_1	12
PC0013	4b1v_1	12
PC0013	4b1x_1	12
PC0013	4b1y_1	12
PC0014	1an1_1	11
PC0014	1avx_1	11
PC0014	1c9p_1	11
PC0014	1f5r_1	11
PC0014	1f7z_1	11
PC0014	1fy8_1	11
PC0014	2ftl_1	11
PC0014	3rdz_1	11
PC0014	3tgk_1	11
PC0014	4an7_1	11
PC0014	4doq_1	11
PC0015	1dfj_1	11
PC0015	2p42_1	11
PC0015	2p43_1	11
PC0015	2p44_1	11
PC0015	2p45_1	11
PC0015	2p47_1	11
PC0015	2p48_1	11
PC0015	2p49_1	11
PC0015	2p4a_1	11
PC0015	3qsk_1	11
PC0015	4pou_1	11
PC0016	1acb_2	10
PC0016	1lw6_2	10
PC0016	1tm3_2	10
PC0016	1tm7_2	10
PC0016	1to1_2	10
PC0016	1y3c_2	10
PC0016	1y3d_2	10
PC0016	1y48_2	10
PC0016	1y4a_2	10
PC0016	2sni_2	10
PC0017	1ay7_2	10
PC0017	1b2s_2	10
PC0017	1b2u_2	10
PC0017	1b3s_2	10
PC0017	1brs_2	10
PC0017	1x1w_2	10
PC0017	1x1x_2	10
PC0017	1x1y_2	10
PC0017	2za4_2	10
PC0017	3da7_1	10
PC0018	2fuh_1	9
PC0018	2uyz_1	9
PC0018	3h8k_1	9
PC0018	4a49_2	9
PC0018	5d1k_1	9
PC0018	5d1l_1	9
PC0018	5d1m_1	9
PC0018	5ywr_1	9
PC0018	6d4p_1	9
PC0019	1h0t_1	8
PC0019	1lp1_1	8
PC0019	1lp1_2	8
PC0019	2b87_1	8
PC0019	2m5a_1	8
PC0019	3mzw_2	8
PC0019	5djt_2	8
PC0019	5dju_1	8
PC0020	1pjm_2	8
PC0020	3ukx_1	8
PC0020	3ukz_1	8
PC0020	3ul0_1	8
PC0020	6bw9_1	8
PC0020	6iu7_1	8
PC0020	6iua_1	8
PC0020	6iwa_2	8
PC0021	1tm1_2	8
PC0021	1tm4_2	8
PC0021	1tm5_2	8
PC0021	1y1k_2	8
PC0021	1y33_2	8
PC0021	1y34_2	8
PC0021	1y3b_2	8
PC0021	3rdz_2	8
PC0022	1vrk_1	8
PC0022	2vay_1	8
PC0022	4lzx_1	8
PC0022	4m1l_1	8
PC0022	5tp6_1	8
PC0022	6mba_2	8
PC0022	6mc9_2	8
PC0022	6mud_1	8
PC0023	1b2u_1	7
PC0023	1b3s_1	7
PC0023	1x1u_1	7
PC0023	1x1w_1	7
PC0023	1x1x_1	7
PC0023	1x1y_1	7
PC0023	2za4_1	7
PC0024	1g5j_2	7
PC0024	2m04_2	7
PC0024	2wh6_2	7
PC0024	3kj0_2	7
PC0024	3kj1_2	7
PC0024	3kj2_2	7
PC0024	5vmo_2	7
PC0025	1jtd_1	7
PC0025	2g2u_1	7
PC0025	2g2w_1	7
PC0025	3c4p_1	7
PC0025	3n4i_1	7
PC0025	3qhy_1	7
PC0025	5npo_1	7
PC0026	1l8c_1	7
PC0026	1r8u_2	7
PC0026	2k8f_1	7
PC0026	2ka4_1	7
PC0026	2ka6_1	7
PC0026	2lww_1	7
PC0026	2mzd_1	7
PC0027	2kwj_2	7
PC0027	2kwk_2	7
PC0027	2kwo_2	7
PC0027	5b75_1	7
PC0027	5b76_1	7
PC0027	5b77_1	7
PC0027	5b78_1	7
PC0028	2p42_2	7
PC0028	2p43_2	7
PC0028	2p44_2	7
PC0028	2p45_2	7
PC0028	2p46_2	7
PC0028	2p47_2	7
PC0028	2p48_2	7
PC0029	2v4z_1	7
PC0029	3cx6_1	7
PC0029	3cx7_1	7
PC0029	3cx8_1	7
PC0029	3onw_1	7
PC0029	4ekc_1	7
PC0029	4ekd_1	7
PC0030	3zu7_2	7
PC0030	4k5a_2	7
PC0030	5ma6_2	7
PC0030	6fp7_2	7
PC0030	6h46_2	7
PC0030	6ne1_2	7
PC0030	6ne4_1	7
PC0031	1rkc_1	6
PC0031	1rke_1	6
PC0031	1syq_1	6
PC0031	1ydi_1	6
PC0031	2gww_1	6
PC0031	2hsq_1	6
PC0032	2iy1_2	6
PC0032	2uyz_2	6
PC0032	3a4s_2	6
PC0032	5elu_2	6
PC0032	5eql_2	6
PC0032	5tvq_2	6
PC0033	2vln_2	6
PC0033	2vlo_2	6
PC0033	2vlp_2	6
PC0033	2vlq_2	6
PC0033	2wpt_2	6
PC0033	3u43_2	6
PC0034	1eaw_1	5
PC0034	1gl0_1	5
PC0034	1shy_1	5
PC0034	1zjd_1	5
PC0034	4nzl_1	5
PC0035	1emv_1	5
PC0035	2vln_1	5
PC0035	2vlo_1	5
PC0035	2vlq_1	5
PC0035	3u43_1	5
PC0036	1kac_2	5
PC0036	1p69_2	5
PC0036	1p6a_2	5
PC0036	2j12_2	5
PC0036	2j1k_1	5
PC0037	1lx5_1	5
PC0037	2gh0_1	5
PC0037	5mr4_1	5
PC0037	5mr5_1	5
PC0037	5vz4_1	5
PC0038	1u5s_1	5
PC0038	1wa7_1	5
PC0038	2knb_2	5
PC0038	2lz6_2	5
PC0038	4afz_2	5
PC0039	2a24_1	5
PC0039	2a24_2	5
PC0039	3f1p_2	5
PC0039	4h6j_1	5
PC0039	4h6j_2	5
PC0040	2m55_1	5
PC0040	2n8j_1	5
PC0040	4ehq_1	5
PC0040	5j8h_1	5
PC0040	6oqq_2	5
PC0041	2mnu_1	5
PC0041	3rzw_2	5
PC0041	3uyo_2	5
PC0041	4je4_2	5
PC0041	5mtj_2	5
PC0042	2xa0_1	5
PC0042	4a1u_1	5
PC0042	5agw_1	5
PC0042	5jsn_1	5
PC0042	6qb3_1	5
PC0043	3c59_1	5
PC0043	3c5t_1	5
PC0043	3iol_1	5
PC0043	4zgm_1	5
PC0043	5otx_1	5
PC0044	3mzg_1	5
PC0044	3n06_1	5
PC0044	3n0p_1	5
PC0044	3ncb_1	5
PC0044	3ncc_1	5
PC0045	3mzg_2	5
PC0045	3n06_2	5
PC0045	3n0p_2	5
PC0045	3ncb_2	5
PC0045	3ncc_2	5
PC0046	3uyp_1	5
PC0046	3uzq_2	5
PC0046	5aam_2	5
PC0046	5aaw_2	5
PC0046	5kve_1	5
PC0047	4jeg_2	5
PC0047	5dc4_2	5
PC0047	5g15_2	5
PC0047	5mtm_2	5
PC0047	5mtn_2	5
PC0048	4z9k_1	5
PC0048	5boz_1	5
PC0048	5j56_1	5
PC0048	5j57_1	5
PC0048	5u4m_1	5
PC0049	5un5_1	5
PC0049	6ndz_1	5
PC0049	6ne1_1	5
PC0049	6ne2_2	5
PC0049	6ne4_2	5
PC0050	1h0t_2	4
PC0050	2b87_2	4
PC0050	2m5a_2	4
PC0050	5u4y_2	4
PC0051	1j2j_1	4
PC0051	3bh6_1	4
PC0051	3doe_1	4
PC0051	5ee5_2	4
PC0052	1k93_2	4
PC0052	1mxe_1	4
PC0052	2wel_2	4
PC0052	3dvm_1	4
PC0053	1th1_1	4
PC0053	1v18_1	4
PC0053	3ouw_1	4
PC0053	3oux_1	4
PC0054	2be6_1	4
PC0054	2be6_2	4
PC0054	2lqc_1	4
PC0054	3tz1_1	4
PC0055	2g2u_2	4
PC0055	2g2w_2	4
PC0055	3e2l_2	4
PC0055	3n4i_2	4
PC0056	2hev_2	4
PC0056	3me2_2	4
PC0056	4giq_2	4
PC0056	5bnq_2	4
PC0057	2jjs_2	4
PC0057	4cmm_2	4
PC0057	5imk_2	4
PC0057	5imm_2	4
PC0058	2k79_2	4
PC0058	2k7a_2	4
PC0058	5dc4_1	4
PC0058	5mtm_1	4
PC0059	2omt_2	4
PC0059	2omv_2	4
PC0059	2omy_2	4
PC0059	2omz_2	4
PC0060	2omu_2	4
PC0060	2omw_2	4
PC0060	2omx_2	4
PC0060	3ff8_1	4
PC0061	2omv_1	4
PC0061	2omx_1	4
PC0061	2omy_1	4
PC0061	2omz_1	4
PC0062	2rnr_2	4
PC0062	2ruk_2	4
PC0062	2rvb_2	4
PC0062	5xv8_2	4
PC0063	2v5q_2	4
PC0063	3zuv_2	4
PC0063	5o2t_2	4
PC0063	6h47_2	4
PC0064	2ver_2	4
PC0064	6aw2_1	4
PC0064	6gbg_1	4
PC0064	6gbh_1	4
PC0065	2wp3_1	4
PC0065	2wp3_2	4
PC0065	2wwk_2	4
PC0065	4c4k_1	4
PC0066	3f50_1	4
PC0066	3o40_2	4
PC0066	3o43_2	4
PC0066	4dzv_2	4
PC0067	3gj4_2	4
PC0067	3gj5_2	4
PC0067	3gj6_2	4
PC0067	3gj8_2	4
PC0068	3ixe_1	4
PC0068	4b93_2	4
PC0068	6ndz_2	4
PC0068	6ne2_1	4
PC0069	3p71_2	4
PC0069	5inb_1	4
PC0069	5j28_1	4
PC0069	5zqv_1	4
PC0070	3qbr_2	4
PC0070	3ukz_2	4
PC0070	3ul0_2	4
PC0070	4uf1_2	4
PC0071	3uyo_1	4
PC0071	4je4_1	4
PC0071	5eg3_2	4
PC0071	5mtj_1	4
PC0072	5kxh_1	4
PC0072	5ky0_1	4
PC0072	5ky4_1	4
PC0072	5ky9_1	4
PC0073	5kxh_2	4
PC0073	5ky0_2	4
PC0073	5ky4_2	4
PC0073	5ky5_2	4
PC0074	1ak4_1	3
PC0074	2x2d_1	3
PC0074	2xgy_2	3
PC0075	1an1_2	3
PC0075	1r0r_2	3
PC0075	3sgb_2	3
PC0076	1b27_1	3
PC0076	1b2s_1	3
PC0076	1brs_1	3
PC0077	1c9p_2	3
PC0077	1c9t_2	3
PC0077	1eja_2	3
PC0078	1fle_1	3
PC0078	1mcv_1	3
PC0078	2z7f_1	3
PC0079	1fle_2	3
PC0079	2z7f_2	3
PC0079	4doq_2	3
PC0080	1fmo_2	3
PC0080	2cpk_2	3
PC0080	2gng_2	3
PC0081	1gl0_2	3
PC0081	1gl1_2	3
PC0081	2xtt_1	3
PC0082	1gua_2	3
PC0082	3kuc_2	3
PC0082	3kud_2	3
PC0083	1j7v_1	3
PC0083	1y6k_1	3
PC0083	1y6m_1	3
PC0084	1j7v_2	3
PC0084	1y6m_2	3
PC0084	1y6n_2	3
PC0085	1lx5_2	3
PC0085	1nys_1	3
PC0085	1s4y_1	3
PC0086	1m10_1	3
PC0086	1sq0_1	3
PC0086	4c2a_1	3
PC0087	1p69_1	3
PC0087	1p6a_1	3
PC0087	2j12_1	3
PC0088	1sb0_1	3
PC0088	2lqh_1	3
PC0088	5u4k_1	3
PC0089	1t5z_1	3
PC0089	1t63_1	3
PC0089	1xj7_1	3
PC0090	1ugh_1	3
PC0090	3wdg_1	3
PC0090	5ayr_1	3
PC0091	1wr1_2	3
PC0091	2jy6_2	3
PC0091	2mro_2	3
PC0092	1xt9_2	3
PC0092	2hd5_2	3
PC0092	3olm_1	3
PC0093	1zli_1	3
PC0093	3lms_1	3
PC0093	5mrv_1	3
PC0094	1zli_2	3
PC0094	3lms_2	3
PC0094	3osl_2	3
PC0095	2b12_1	3
PC0095	2jti_1	3
PC0095	2pcb_1	3
PC0096	2c1m_1	3
PC0096	3ul1_1	3
PC0096	6k06_2	3
PC0097	2kbw_2	3
PC0097	5ajj_2	3
PC0097	5ua4_2	3
PC0098	2kri_2	3
PC0098	5oy9_2	3
PC0098	5oyl_2	3
PC0099	2l14_2	3
PC0099	2ly4_2	3
PC0099	4xxb_2	3
PC0100	2nqd_2	3
PC0100	2oul_1	3
PC0100	3e1z_2	3
PC0101	2omt_1	3
PC0101	2omu_1	3
PC0101	2omw_1	3
PC0102	2oza_2	3
PC0102	3tei_1	3
PC0102	5v62_1	3
PC0103	2wo2_1	3
PC0103	2wo3_1	3
PC0103	4l0p_1	3
PC0104	2y8s_1	3
PC0104	2y8t_1	3
PC0104	4yiz_1	3
PC0105	3dxc_2	3
PC0105	3dxd_2	3
PC0105	3dxe_2	3
PC0106	3qc8_1	3
PC0106	3qq8_1	3
PC0106	4kdi_1	3
PC0107	3tac_1	3
PC0107	5h9b_1	3
PC0107	5hu3_1	3
PC0108	3zo0_1	3
PC0108	5u4y_1	3
PC0108	5u52_1	3
PC0109	4jra_1	3
PC0109	4kbb_1	3
PC0109	5l21_1	3
PC0110	4jzw_1	3
PC0110	4k0a_1	3
PC0110	4ka2_1	3
PC0111	5elu_1	3
PC0111	5eql_1	3
PC0111	5ml9_2	3
PC0112	5g1x_1	3
PC0112	5l8j_1	3
PC0112	5lxm_1	3
PC0113	5uul_1	3
PC0113	6e3i_1	3
PC0113	6e3j_1	3
PC0114	5uzu_1	3
PC0114	6azp_2	3
PC0114	6bmt_2	3
PC0115	5vwy_2	3
PC0115	5vx0_2	3
PC0115	5vx3_2	3
PC0116	1a22_2	2
PC0116	1axi_2	2
PC0117	1acb_1	2
PC0117	1gl1_1	2
PC0118	1atn_1	2
PC0118	1kxp_1	2
PC0119	1avz_1	2
PC0119	1efn_2	2
PC0120	1bvn_1	2
PC0120	1kxt_1	2
PC0121	1d6r_2	2
PC0121	2g81_2	2
PC0122	1dfj_2	2
PC0122	4per_1	2
PC0123	1dp5_1	2
PC0123	1dpj_1	2
PC0124	1fc2_2	2
PC0124	2iwg_1	2
PC0125	1fmo_1	2
PC0125	2cpk_1	2
PC0126	1jgn_1	2
PC0126	1jh4_1	2
PC0127	1jtd_2	2
PC0127	3qhy_2	2
PC0128	1kbh_2	2
PC0128	2l14_1	2
PC0129	1l4d_1	2
PC0129	1l4z_1	2
PC0130	1l4d_2	2
PC0130	1l4z_2	2
PC0131	1lw6_1	2
PC0131	1y4d_1	2
PC0132	1m10_2	2
PC0132	4c2a_2	2
PC0133	1mah_2	2
PC0133	2qc1_1	2
PC0134	1mcv_2	2
PC0134	1ppe_2	2
PC0135	1o9a_1	2
PC0135	3zrz_1	2
PC0136	1psb_1	2
PC0136	2m49_2	2
PC0137	1q68_2	2
PC0137	1q69_2	2
PC0138	1ry7_1	2
PC0138	2m49_1	2
PC0139	1ry7_2	2
PC0139	3ojm_2	2
PC0140	1sq0_2	2
PC0140	3m18_1	2
PC0141	1syq_2	2
PC0141	6j56_2	2
PC0142	1t01_1	2
PC0142	4dj9_1	2
PC0143	1t0p_1	2
PC0143	3bn3_1	2
PC0144	1ta3_1	2
PC0144	1te1_1	2
PC0145	1te1_2	2
PC0145	2b42_2	2
PC0146	1u0i_1	2
PC0146	1u0i_2	2
PC0147	1u5s_2	2
PC0147	6dcn_2	2
PC0148	1ugh_2	2
PC0148	1uug_2	2
PC0149	1us7_1	2
PC0149	2k5b_1	2
PC0150	1vrk_2	2
PC0150	2kqs_2	2
PC0151	1wqj_2	2
PC0151	2l29_2	2
PC0152	1xdt_2	2
PC0152	5wb7_2	2
PC0153	1xr0_2	2
PC0153	2mfq_1	2
PC0154	1yrt_2	2
PC0154	1yru_2	2
PC0155	1yvb_1	2
PC0155	3pnr_1	2
PC0156	1yx5_1	2
PC0156	1yx6_1	2
PC0157	1zc3_2	2
PC0157	1zc4_2	2
PC0158	2a78_2	2
PC0158	2a9k_2	2
PC0159	2b0z_2	2
PC0159	2b12_2	2
PC0160	2efd_1	2
PC0160	2efh_1	2
PC0161	2efd_2	2
PC0161	2efh_2	2
PC0162	2f31_2	2
PC0162	2w84_2	2
PC0163	2gh0_2	2
PC0163	5mr5_2	2
PC0164	2gng_1	2
PC0164	6mm6_1	2
PC0165	2gox_1	2
PC0165	2wy8_1	2
PC0166	2gox_2	2
PC0166	3d5r_2	2
PC0167	2gww_2	2
PC0167	2hsq_2	2
PC0168	2j0t_1	2
PC0168	3v96_2	2
PC0169	2jjs_1	2
PC0169	4cmm_1	2
PC0170	2jti_2	2
PC0170	2pcb_2	2
PC0171	2k2u_1	2
PC0171	2lox_1	2
PC0172	2k3s_2	2
PC0172	2kxw_1	2
PC0173	2k8b_2	2
PC0173	2k8c_2	2
PC0174	2ktf_2	2
PC0174	5otx_2	2
PC0175	2kwj_1	2
PC0175	5b78_2	2
PC0176	2kwu_1	2
PC0176	2l0f_2	2
PC0177	2lkm_2	2
PC0177	2n1d_2	2
PC0178	2lp0_2	2
PC0178	4zk9_2	2
PC0179	2noj_2	2
PC0179	3d5s_2	2
PC0180	2nqd_1	2
PC0180	2oul_2	2
PC0181	2p1l_1	2
PC0181	2yj1_1	2
PC0182	2pon_1	2
PC0182	3dvu_2	2
PC0183	2px9_2	2
PC0183	6gum_1	2
PC0184	2q5d_2	2
PC0184	3ajb_2	2
PC0185	2vlp_1	2
PC0185	2wpt_1	2
PC0186	2vsm_2	2
PC0186	2wo2_2	2
PC0187	2wel_1	2
PC0187	5g15_1	2
PC0188	2wo3_2	2
PC0188	4l0p_2	2
PC0189	2wqz_1	2
PC0189	5xeq_1	2
PC0190	2yq7_2	2
PC0190	5w89_2	2
PC0191	3c4o_2	2
PC0191	3c4p_2	2
PC0192	3cqc_1	2
PC0192	3cqg_1	2
PC0193	3cx7_2	2
PC0193	3cx8_2	2
PC0194	3d5r_1	2
PC0194	3d5s_1	2
PC0195	3d7t_2	2
PC0195	3gqi_1	2
PC0196	3di2_2	2
PC0196	3di3_2	2
PC0197	3dxc_1	2
PC0197	3dxd_1	2
PC0198	3ff8_2	2
PC0198	4iop_1	2
PC0199	3fju_1	2
PC0199	4bd9_1	2
PC0200	3gj3_2	2
PC0200	3gj7_2	2
PC0201	3gj5_1	2
PC0201	3gj7_1	2
PC0202	3hct_1	2
PC0202	3hcu_1	2
PC0203	3hct_2	2
PC0203	3hcu_2	2
PC0204	3idb_1	2
PC0204	3idc_1	2
PC0205	3kls_2	2
PC0205	5d3i_2	2
PC0206	3knb_1	2
PC0206	4c4k_2	2
PC0207	3me2_1	2
PC0207	5bnq_1	2
PC0208	3mzw_1	2
PC0208	5my6_1	2
PC0209	3nvn_2	2
PC0209	3nvq_2	2
PC0210	3o40_1	2
PC0210	3o43_1	2
PC0211	3ouw_2	2
PC0211	3oux_2	2
PC0212	3qc8_2	2
PC0212	3qq8_2	2
PC0213	3rt0_1	2
PC0213	3ujg_2	2
PC0214	3sjh_2	2
PC0214	3u9z_2	2
PC0215	3sri_1	2
PC0215	3zwz_1	2
PC0216	3tei_2	2
PC0216	5v62_2	2
PC0217	3tg1_1	2
PC0217	3zuv_1	2
PC0218	3u8x_2	2
PC0218	3u9d_2	2
PC0219	3w8h_1	2
PC0219	3w8i_1	2
PC0220	3w8i_2	2
PC0220	4geh_2	2
PC0221	3wdg_2	2
PC0221	5ayr_2	2
PC0222	3wrx_2	2
PC0222	3wry_2	2
PC0223	4a1s_1	2
PC0223	4wnd_1	2
PC0224	4ap2_1	2
PC0224	4apf_2	2
PC0225	4apx_2	2
PC0225	4aqe_2	2
PC0226	4aqe_1	2
PC0226	4xxw_2	2
PC0227	4b1x_2	2
PC0227	4b1y_2	2
PC0228	4cdk_2	2
PC0228	4kt1_2	2
PC0229	4cj2_2	2
PC0229	5zau_2	2
PC0230	4dh2_2	2
PC0230	4uyq_2	2
PC0231	4dkd_1	2
PC0231	4exp_1	2
PC0232	4dxa_2	2
PC0232	4hdo_1	2
PC0233	4ekc_2	2
PC0233	4ekd_2	2
PC0234	4fza_1	2
PC0234	4nzw_1	2
PC0235	4h2s_1	2
PC0235	4h2w_1	2
PC0236	4hcn_1	2
PC0236	4hcp_1	2
PC0237	4hgk_1	2
PC0237	4hgm_1	2
PC0238	4jeh_2	2
PC0238	4jeu_2	2
PC0239	4k0a_2	2
PC0239	4ka2_2	2
PC0240	4k1r_1	2
PC0240	4pqt_1	2
PC0241	4kr0_2	2
PC0241	4qzv_2	2
PC0242	4lgr_2	2
PC0242	5j56_2	2
PC0243	4m0w_1	2
PC0243	5tl7_2	2
PC0244	4nm3_1	2
PC0244	4nu1_1	2
PC0245	4nm3_2	2
PC0245	4nu1_2	2
PC0246	4rey_1	2
PC0246	5h3j_1	2
PC0247	4w6w_1	2
PC0247	4w6x_1	2
PC0248	4x7e_1	2
PC0248	4x7f_1	2
PC0249	4y61_1	2
PC0249	5xwt_1	2
PC0250	5ajj_1	2
PC0250	5ajk_1	2
PC0251	5b76_2	2
PC0251	5b77_2	2
PC0252	5cx3_1	2
PC0252	6aaf_1	2
PC0253	5cxb_1	2
PC0253	5cyk_1	2
PC0254	5cxb_2	2
PC0254	5cyk_2	2
PC0255	5d1k_2	2
PC0255	5d1m_2	2
PC0256	5et1_1	2
PC0256	5ma3_2	2
PC0257	5f4e_2	2
PC0257	5jke_2	2
PC0258	5fr1_2	2
PC0258	5fr2_2	2
PC0259	5ij0_1	2
PC0259	5ij9_1	2
PC0260	5ij0_2	2
PC0260	5ij9_2	2
PC0261	5lz3_2	2
PC0261	5lz6_2	2
PC0262	5m72_1	2
PC0262	5wrv_2	2
PC0263	5ma3_1	2
PC0263	5ma4_1	2
PC0264	5ma6_1	2
PC0264	5mak_1	2
PC0265	5mv9_1	2
PC0265	5xbf_1	2
PC0266	5oy9_1	2
PC0266	5oyl_1	2
PC0267	5uzu_2	2
PC0267	6bmt_1	2
PC0268	5wpa_1	2
PC0268	5wpa_2	2
PC0269	6dwf_2	2
PC0269	6dwh_2	2
PC0270	6eg0_1	2
PC0270	6eg1_1	2
PC0271	6f0f_1	2
PC0271	6f0g_1	2
PC0272	6fub_1	2
PC0272	6fud_2	2
PC0273	6fub_2	2
PC0273	6fud_1	2
PC0274	6ht9_1	2
PC0274	6saz_1	2
PC0275	6ihb_2	2
PC0275	6jcs_1	2
PC0276	6iu7_2	2
PC0276	6iua_2	2
PC0277	6kbm_1	2
PC0277	6kbn_1	2
PC0278	6kbm_2	2
PC0278	6kbn_2	2
PC0279	6mav_1	2
PC0279	6n9d_1	2
PC0280	6mba_1	2
PC0280	6mud_2	2
PC0281	6oqj_1	2
PC0281	6oqk_1	2
PC0282	6oqj_2	2
PC0282	6oqk_2	2
PC0283	6p7s_1	2
PC0283	6p7y_1	2
PC0284	1a22_1	1
PC0285	1ak4_2	1
PC0286	1atn_2	1
PC0287	1ava_1	1
PC0288	1ava_2	1
PC0289	1avx_2	1
PC0290	1axi_1	1
PC0291	1ay7_1	1
PC0292	1b27_2	1
PC0293	1buh_1	1
PC0294	1buh_2	1
PC0295	1bvn_2	1
PC0296	1dhk_1	1
PC0297	1dhk_2	1
PC0298	1djs_1	1
PC0299	1djs_2	1
PC0300	1dp5_2	1
PC0301	1dpj_2	1
PC0302	1e96_2	1
PC0303	1ees_2	1
PC0304	1emv_2	1
PC0305	1es0_1	1
PC0306	1es0_2	1
PC0307	1f34_1	1
PC0308	1f34_2	1
PC0309	1f3v_1	1
PC0310	1f3v_2	1
PC0311	1fc2_1	1
PC0312	1ffw_1	1
PC0313	1ffw_2	1
PC0314	1g6v_1	1
PC0315	1g9i_2	1
PC0316	1gla_1	1
PC0317	1gla_2	1
PC0318	1gng_1	1
PC0319	1gng_2	1
PC0320	1grn_2	1
PC0321	1gxd_1	1
PC0322	1gxd_2	1
PC0323	1h1v_2	1
PC0324	1h59_1	1
PC0325	1h59_2	1
PC0326	1he8_1	1
PC0327	1i4e_1	1
PC0328	1i4e_2	1
PC0329	1i8l_1	1
PC0330	1i8l_2	1
PC0331	1ibr_2	1
PC0332	1j2j_2	1
PC0333	1jgn_2	1
PC0334	1jh4_2	1
PC0335	1jiw_1	1
PC0336	1jiw_2	1
PC0337	1jsp_1	1
PC0338	1jsp_2	1
PC0339	1k93_1	1
PC0340	1kac_1	1
PC0341	1kbh_1	1
PC0342	1ktk_1	1
PC0343	1ktk_2	1
PC0344	1ktz_1	1
PC0345	1ktz_2	1
PC0346	1kxp_2	1
PC0347	1kxt_2	1
PC0348	1l8c_2	1
PC0349	1ldt_2	1
PC0350	1mah_1	1
PC0351	1mq8_1	1
PC0352	1mq8_2	1
PC0353	1mxe_2	1
PC0354	1mzw_1	1
PC0355	1mzw_2	1
PC0356	1nw9_1	1
PC0357	1nw9_2	1
PC0358	1nys_2	1
PC0359	1nyu_1	1
PC0360	1nyu_2	1
PC0361	1o9a_2	1
PC0362	1oey_1	1
PC0363	1oey_2	1
PC0364	1otr_1	1
PC0365	1oyh_1	1
PC0366	1oyh_2	1
PC0367	1ozs_1	1
PC0368	1ozs_2	1
PC0369	1p27_1	1
PC0370	1p27_2	1
PC0371	1p9d_2	1
PC0372	1pd7_1	1
PC0373	1pd7_2	1
PC0374	1pjm_1	1
PC0375	1pk1_1	1
PC0376	1pk1_2	1
PC0377	1psb_2	1
PC0378	1pvh_1	1
PC0379	1pvh_2	1
PC0380	1pxv_1	1
PC0381	1pxv_2	1
PC0382	1q0w_1	1
PC0383	1q5w_1	1
PC0384	1q68_1	1
PC0385	1q69_1	1
PC0386	1qa9_1	1
PC0387	1qa9_2	1
PC0388	1r8u_1	1
PC0389	1rjc_2	1
PC0390	1rkc_2	1
PC0391	1rke_2	1
PC0392	1rpq_1	1
PC0393	1rpq_2	1
PC0394	1s4y_2	1
PC0395	1sb0_2	1
PC0396	1shy_2	1
PC0397	1smf_2	1
PC0398	1sv0_1	1
PC0399	1sv0_2	1
PC0400	1t01_2	1
PC0401	1t0p_2	1
PC0402	1t44_1	1
PC0403	1t5z_2	1
PC0404	1t63_2	1
PC0405	1t6b_1	1
PC0406	1t6b_2	1
PC0407	1ta3_2	1
PC0408	1tba_1	1
PC0409	1tba_2	1
PC0410	1tdq_1	1
PC0411	1tdq_2	1
PC0412	1th1_2	1
PC0413	1tlh_1	1
PC0414	1tlh_2	1
PC0415	1tzn_1	1
PC0416	1tzn_2	1
PC0417	1u0s_1	1
PC0418	1u0s_2	1
PC0419	1uel_1	1
PC0420	1uel_2	1
PC0421	1ul1_1	1
PC0422	1ul1_2	1
PC0423	1us7_2	1
PC0424	1usu_1	1
PC0425	1usu_2	1
PC0426	1usv_1	1
PC0427	1usv_2	1
PC0428	1uug_1	1
PC0429	1v18_2	1
PC0430	1vet_1	1
PC0431	1vet_2	1
PC0432	1veu_1	1
PC0433	1veu_2	1
PC0434	1vg0_1	1
PC0435	1vg0_2	1
PC0436	1vyt_1	1
PC0437	1vyt_2	1
PC0438	1wa7_2	1
PC0439	1wa8_1	1
PC0440	1wa8_2	1
PC0441	1wlp_1	1
PC0442	1wlp_2	1
PC0443	1wpx_1	1
PC0444	1wpx_2	1
PC0445	1wq1_2	1
PC0446	1wqj_1	1
PC0447	1wrd_1	1
PC0448	1wve_1	1
PC0449	1wve_2	1
PC0450	1x1u_2	1
PC0451	1xdt_1	1
PC0452	1xg2_1	1
PC0453	1xg2_2	1
PC0454	1xj7_2	1
PC0455	1xqh_1	1
PC0456	1xqh_2	1
PC0457	1xqs_1	1
PC0458	1xqs_2	1
PC0459	1xt9_1	1
PC0460	1y4d_2	1
PC0461	1y6k_2	1
PC0462	1y6n_1	1
PC0463	1y8n_1	1
PC0464	1y8n_2	1
PC0465	1yd8_2	1
PC0466	1ydi_2	1
PC0467	1yrt_1	1
PC0468	1yru_1	1
PC0469	1yvb_2	1
PC0470	1z92_1	1
PC0471	1z92_2	1
PC0472	1zgu_1	1
PC0473	1zhi_1	1
PC0474	1zhi_2	1
PC0475	1zr0_1	1
PC0476	1zsg_2	1
PC0477	1zvy_2	1
PC0478	2a7u_1	1
PC0479	2a7u_2	1
PC0480	2ajf_1	1
PC0481	2ajf_2	1
PC0482	2aq2_2	1
PC0483	2arp_1	1
PC0484	2arp_2	1
PC0485	2b0z_1	1
PC0486	2b42_1	1
PC0487	2b7c_1	1
PC0488	2b7c_2	1
PC0489	2bqz_1	1
PC0490	2bqz_2	1
PC0491	2btf_2	1
PC0492	2c0l_1	1
PC0493	2c0l_2	1
PC0494	2c1m_2	1
PC0495	2c7m_1	1
PC0496	2d10_1	1
PC0497	2d10_2	1
PC0498	2den_1	1
PC0499	2djy_1	1
PC0500	2djy_2	1
PC0501	2dsp_1	1
PC0502	2dsp_2	1
PC0503	2dx5_1	1
PC0504	2f31_1	1
PC0505	2f4m_1	1
PC0506	2f4m_2	1
PC0507	2f9z_1	1
PC0508	2f9z_2	1
PC0509	2few_1	1
PC0510	2few_2	1
PC0511	2fju_2	1
PC0512	2fu5_1	1
PC0513	2fu5_2	1
PC0514	2fyl_1	1
PC0515	2fyl_2	1
PC0516	2g45_1	1
PC0517	2h4m_1	1
PC0518	2h4m_2	1
PC0519	2hd5_1	1
PC0520	2hev_1	1
PC0521	2hle_1	1
PC0522	2hle_2	1
PC0523	2hqw_1	1
PC0524	2hqw_2	1
PC0525	2hrk_1	1
PC0526	2hrk_2	1
PC0527	2hth_2	1
PC0528	2ihs_1	1
PC0529	2ihs_2	1
PC0530	2ij0_1	1
PC0531	2iwg_2	1
PC0532	2ixq_1	1
PC0533	2ixq_2	1
PC0534	2iy1_1	1
PC0535	2j0t_2	1
PC0536	2j1k_2	1
PC0537	2jby_1	1
PC0538	2jgz_1	1
PC0539	2jgz_2	1
PC0540	2jod_1	1
PC0541	2jod_2	1
PC0542	2ju0_1	1
PC0543	2ju0_2	1
PC0544	2k2s_1	1
PC0545	2k2s_2	1
PC0546	2k2u_2	1
PC0547	2k3s_1	1
PC0548	2k42_1	1
PC0549	2k42_2	1
PC0550	2k5b_2	1
PC0551	2k8f_2	1
PC0552	2ka4_2	1
PC0553	2ka6_2	1
PC0554	2kc8_1	1
PC0555	2kc8_2	1
PC0556	2kgx_1	1
PC0557	2kgx_2	1
PC0558	2khs_1	1
PC0559	2khs_2	1
PC0560	2kj4_1	1
PC0561	2kj4_2	1
PC0562	2kqs_1	1
PC0563	2kri_1	1
PC0564	2kt5_1	1
PC0565	2kt5_2	1
PC0566	2kvq_1	1
PC0567	2kvq_2	1
PC0568	2kwi_2	1
PC0569	2kwk_1	1
PC0570	2kwo_1	1
PC0571	2kwv_1	1
PC0572	2kxh_1	1
PC0573	2kxh_2	1
PC0574	2kxw_2	1
PC0575	2l0t_2	1
PC0576	2l1l_1	1
PC0577	2l1l_2	1
PC0578	2l29_1	1
PC0579	2l2l_1	1
PC0580	2l2l_2	1
PC0581	2l9s_1	1
PC0582	2l9s_2	1
PC0583	2ld7_1	1
PC0584	2ld7_2	1
PC0585	2leh_1	1
PC0586	2leh_2	1
PC0587	2lfw_1	1
PC0588	2lfw_2	1
PC0589	2lkm_1	1
PC0590	2lox_2	1
PC0591	2lp0_1	1
PC0592	2lp4_1	1
PC0593	2lp4_2	1
PC0594	2lpb_1	1
PC0595	2lpb_2	1
PC0596	2lqc_2	1
PC0597	2lqh_2	1
PC0598	2luh_1	1
PC0599	2luh_2	1
PC0600	2lvo_2	1
PC0601	2lww_2	1
PC0602	2lxm_1	1
PC0603	2lxm_2	1
PC0604	2ly4_1	1
PC0605	2m0g_1	1
PC0606	2m0g_2	1
PC0607	2m55_2	1
PC0608	2m86_1	1
PC0609	2m86_2	1
PC0610	2mbb_1	1
PC0611	2mej_1	1
PC0612	2mej_2	1
PC0613	2mfq_2	1
PC0614	2mj5_2	1
PC0615	2mnu_2	1
PC0616	2mp0_1	1
PC0617	2mp0_2	1
PC0618	2mre_2	1
PC0619	2mur_1	1
PC0620	2mv7_1	1
PC0621	2mv7_2	1
PC0622	2mws_1	1
PC0623	2mws_2	1
PC0624	2mzd_2	1
PC0625	2n1d_1	1
PC0626	2n2h_1	1
PC0627	2n2h_2	1
PC0628	2n73_1	1
PC0629	2n73_2	1
PC0630	2n8j_2	1
PC0631	2nbv_1	1
PC0632	2nbv_2	1
PC0633	2noj_1	1
PC0634	2o3b_1	1
PC0635	2o3b_2	1
PC0636	2o8v_1	1
PC0637	2o8v_2	1
PC0638	2oob_1	1
PC0639	2ot3_1	1
PC0640	2ot3_2	1
PC0641	2ot8_1	1
PC0642	2ot8_2	1
PC0643	2oza_1	1
PC0644	2p1l_2	1
PC0645	2p46_1	1
PC0646	2p8q_1	1
PC0647	2p8q_2	1
PC0648	2pop_1	1
PC0649	2pop_2	1
PC0650	2psm_1	1
PC0651	2psm_2	1
PC0652	2ptt_1	1
PC0653	2ptt_2	1
PC0654	2px9_1	1
PC0655	2q5d_1	1
PC0656	2qc1_2	1
PC0657	2qna_1	1
PC0658	2qna_2	1
PC0659	2qur_1	1
PC0660	2qur_2	1
PC0661	2qxv_1	1
PC0662	2qxv_2	1
PC0663	2rmk_2	1
PC0664	2rms_1	1
PC0665	2rms_2	1
PC0666	2rnr_1	1
PC0667	2roz_1	1
PC0668	2roz_2	1
PC0669	2rr3_1	1
PC0670	2rr3_2	1
PC0671	2ruk_1	1
PC0672	2rvb_1	1
PC0673	2sic_2	1
PC0674	2uuy_2	1
PC0675	2v3b_1	1
PC0676	2v3b_2	1
PC0677	2v4z_2	1
PC0678	2v51_2	1
PC0679	2v52_2	1
PC0680	2v5q_1	1
PC0681	2v6x_1	1
PC0682	2v6x_2	1
PC0683	2v8s_1	1
PC0684	2v8s_2	1
PC0685	2v9t_1	1
PC0686	2v9t_2	1
PC0687	2vay_2	1
PC0688	2vda_1	1
PC0689	2vda_2	1
PC0690	2vdb_1	1
PC0691	2vdb_2	1
PC0692	2ve7_1	1
PC0693	2ve7_2	1
PC0694	2ver_1	1
PC0695	2vog_1	1
PC0696	2voh_1	1
PC0697	2voi_1	1
PC0698	2voi_2	1
PC0699	2vsm_1	1
PC0700	2w19_1	1
PC0701	2w19_2	1
PC0702	2w84_1	1
PC0703	2wd5_1	1
PC0704	2wd5_2	1
PC0705	2wfx_1	1
PC0706	2wfx_2	1
PC0707	2wg4_1	1
PC0708	2wg4_2	1
PC0709	2wh6_1	1
PC0710	2wjv_1	1
PC0711	2wjv_2	1
PC0712	2wp0_1	1
PC0713	2wp0_2	1
PC0714	2wqz_2	1
PC0715	2wwk_1	1
PC0716	2wwx_1	1
PC0717	2wwx_2	1
PC0718	2wy3_1	1
PC0719	2wy3_2	1
PC0720	2wy8_2	1
PC0721	2x1x_1	1
PC0722	2x1x_2	1
PC0723	2x2d_2	1
PC0724	2xa0_2	1
PC0725	2xb6_1	1
PC0726	2xb6_2	1
PC0727	2xdf_1	1
PC0728	2xdf_2	1
PC0729	2xgy_1	1
PC0730	2xhe_1	1
PC0731	2xhe_2	1
PC0732	2xns_1	1
PC0733	2xns_2	1
PC0734	2xpx_1	1
PC0735	2xqr_1	1
PC0736	2xqr_2	1
PC0737	2y8s_2	1
PC0738	2y8t_2	1
PC0739	2y9m_1	1
PC0740	2y9m_2	1
PC0741	2yj1_2	1
PC0742	2yvj_1	1
PC0743	2yvj_2	1
PC0744	2z58_2	1
PC0745	2zvk_1	1
PC0746	2zvk_2	1
PC0747	3a4s_1	1
PC0748	3ajb_1	1
PC0749	3alz_1	1
PC0750	3alz_2	1
PC0751	3aon_1	1
PC0752	3aon_2	1
PC0753	3au4_1	1
PC0754	3au4_2	1
PC0755	3beg_1	1
PC0756	3beg_2	1
PC0757	3bh6_2	1
PC0758	3blh_1	1
PC0759	3blh_2	1
PC0760	3bn3_2	1
PC0761	3bp8_1	1
PC0762	3bp8_2	1
PC0763	3bs5_1	1
PC0764	3bs5_2	1
PC0765	3bzd_2	1
PC0766	3c4m_1	1
PC0767	3c4m_2	1
PC0768	3c4o_1	1
PC0769	3c59_2	1
PC0770	3c5t_2	1
PC0771	3c66_1	1
PC0772	3c66_2	1
PC0773	3ch5_2	1
PC0774	3cqc_2	1
PC0775	3cqg_2	1
PC0776	3cqx_1	1
PC0777	3cqx_2	1
PC0778	3cx6_2	1
PC0779	3d7t_1	1
PC0780	3da7_2	1
PC0781	3ddc_2	1
PC0782	3di2_1	1
PC0783	3di3_1	1
PC0784	3doe_2	1
PC0785	3dvm_2	1
PC0786	3dvu_1	1
PC0787	3dxe_1	1
PC0788	3e1z_1	1
PC0789	3e2k_1	1
PC0790	3e2k_2	1
PC0791	3e2l_1	1
PC0792	3eab_1	1
PC0793	3eab_2	1
PC0794	3eba_2	1
PC0795	3eg5_2	1
PC0796	3ejj_1	1
PC0797	3ejj_2	1
PC0798	3eoy_1	1
PC0799	3eoy_2	1
PC0800	3f1p_1	1
PC0801	3f50_2	1
PC0802	3f7p_1	1
PC0803	3f7p_2	1
PC0804	3fhc_1	1
PC0805	3fhc_2	1
PC0806	3fii_1	1
PC0807	3fii_2	1
PC0808	3fju_2	1
PC0809	3fpu_1	1
PC0810	3fpu_2	1
PC0811	3g7a_1	1
PC0812	3g7a_2	1
PC0813	3g9v_1	1
PC0814	3g9v_2	1
PC0815	3g9w_1	1
PC0816	3g9w_2	1
PC0817	3gb8_1	1
PC0818	3gb8_2	1
PC0819	3gc3_1	1
PC0820	3gc3_2	1
PC0821	3gni_1	1
PC0822	3gni_2	1
PC0823	3gqi_2	1
PC0824	3gty_1	1
PC0825	3gty_2	1
PC0826	3gxu_1	1
PC0827	3gxu_2	1
PC0828	3h2u_1	1
PC0829	3h2u_2	1
PC0830	3h3g_1	1
PC0831	3h3g_2	1
PC0832	3h8k_2	1
PC0833	3ho5_1	1
PC0834	3ho5_2	1
PC0835	3ia3_1	1
PC0836	3ia3_2	1
PC0837	3idb_2	1
PC0838	3idc_2	1
PC0839	3ifq_1	1
PC0840	3ifq_2	1
PC0841	3inb_1	1
PC0842	3inb_2	1
PC0843	3iol_2	1
PC0844	3ixe_2	1
PC0845	3jza_2	1
PC0846	3k75_1	1
PC0847	3k75_2	1
PC0848	3k8p_1	1
PC0849	3k8p_2	1
PC0850	3kbt_1	1
PC0851	3kbt_2	1
PC0852	3kls_1	1
PC0853	3knb_2	1
PC0854	3kw5_1	1
PC0855	3kyi_1	1
PC0856	3kyi_2	1
PC0857	3l33_2	1
PC0858	3l9j_1	1
PC0859	3l9j_2	1
PC0860	3lbx_1	1
PC0861	3lbx_2	1
PC0862	3m63_1	1
PC0863	3m63_2	1
PC0864	3mca_1	1
PC0865	3mca_2	1
PC0866	3mj7_1	1
PC0867	3mj7_2	1
PC0868	3n00_1	1
PC0869	3n00_2	1
PC0870	3nvn_1	1
PC0871	3nvq_1	1
PC0872	3o34_1	1
PC0873	3o34_2	1
PC0874	3o5t_1	1
PC0875	3o5t_2	1
PC0876	3o6b_1	1
PC0877	3o6b_2	1
PC0878	3oak_1	1
PC0879	3oak_2	1
PC0880	3oiq_1	1
PC0881	3oiq_2	1
PC0882	3ojm_1	1
PC0883	3oky_1	1
PC0884	3oky_2	1
PC0885	3ol2_1	1
PC0886	3ol2_2	1
PC0887	3olm_2	1
PC0888	3ona_1	1
PC0889	3ona_2	1
PC0890	3onl_1	1
PC0891	3onl_2	1
PC0892	3onw_2	1
PC0893	3osl_1	1
PC0894	3oun_1	1
PC0895	3oun_2	1
PC0896	3p71_1	1
PC0897	3pnr_2	1
PC0898	3pvm_1	1
PC0899	3pvm_2	1
PC0900	3qbr_1	1
PC0901	3qbv_1	1
PC0902	3qbv_2	1
PC0903	3qlu_1	1
PC0904	3qlu_2	1
PC0905	3qs7_1	1
PC0906	3qs7_2	1
PC0907	3qwq_1	1
PC0908	3qwq_2	1
PC0909	3r4d_1	1
PC0910	3r4d_2	1
PC0911	3r85_2	1
PC0912	3r9a_1	1
PC0913	3r9a_2	1
PC0914	3reb_1	1
PC0915	3rgf_1	1
PC0916	3rgf_2	1
PC0917	3ro2_1	1
PC0918	3ro2_2	1
PC0919	3rt0_2	1
PC0920	3rzw_1	1
PC0921	3sgb_1	1
PC0922	3sku_1	1
PC0923	3sku_2	1
PC0924	3sri_2	1
PC0925	3t6g_1	1
PC0926	3t6g_2	1
PC0927	3tac_2	1
PC0928	3tg1_2	1
PC0929	3tkl_2	1
PC0930	3tsr_1	1
PC0931	3tsr_2	1
PC0932	3tu3_1	1
PC0933	3tu3_2	1
PC0934	3twi_1	1
PC0935	3twi_2	1
PC0936	3tz1_2	1
PC0937	3ujg_1	1
PC0938	3ukx_2	1
PC0939	3ul1_2	1
PC0940	3ul4_1	1
PC0941	3ul4_2	1
PC0942	3uze_1	1
PC0943	3uzv_1	1
PC0944	3v6b_1	1
PC0945	3v6b_2	1
PC0946	3v96_1	1
PC0947	3vpj_1	1
PC0948	3vpj_2	1
PC0949	3vv2_2	1
PC0950	3vyr_1	1
PC0951	3vyr_2	1
PC0952	3w8h_2	1
PC0953	3wa5_1	1
PC0954	3wa5_2	1
PC0955	3wkt_1	1
PC0956	3wkt_2	1
PC0957	3wqb_1	1
PC0958	3wqb_2	1
PC0959	3wrx_1	1
PC0960	3wry_1	1
PC0961	3wwn_1	1
PC0962	3wwn_2	1
PC0963	3zet_1	1
PC0964	3zet_2	1
PC0965	3zkq_1	1
PC0966	3znz_1	1
PC0967	3znz_2	1
PC0968	3zo0_2	1
PC0969	3zrz_2	1
PC0970	3zu7_1	1
PC0971	3zwl_1	1
PC0972	3zwl_2	1
PC0973	3zwz_2	1
PC0974	3zyi_1	1
PC0975	3zyi_2	1
PC0976	4a1s_2	1
PC0977	4a1u_2	1
PC0978	4a49_1	1
PC0979	4afz_1	1
PC0980	4an7_2	1
PC0981	4aoq_2	1
PC0982	4ap2_2	1
PC0983	4apf_1	1
PC0984	4apx_1	1
PC0985	4awx_1	1
PC0986	4awx_2	1
PC0987	4ayi_1	1
PC0988	4ayi_2	1
PC0989	4b1v_2	1
PC0990	4b93_1	1
PC0991	4bd9_2	1
PC0992	4bfi_1	1
PC0993	4bfi_2	1
PC0994	4bkx_1	1
PC0995	4bkx_2	1
PC0996	4bpk_2	1
PC0997	4brw_1	1
PC0998	4brw_2	1
PC0999	4c4p_2	1
PC1000	4c5g_1	1
PC1001	4c5g_2	1
PC1002	4c9b_1	1
PC1003	4c9b_2	1
PC1004	4cdk_1	1
PC1005	4cj0_1	1
PC1006	4cj0_2	1
PC1007	4cj1_1	1
PC1008	4cj1_2	1
PC1009	4ct0_1	1
PC1010	4ct0_2	1
PC1011	4cu4_1	1
PC1012	4cu4_2	1
PC1013	4cvw_1	1
PC1014	4cvw_2	1
PC1015	4d0g_2	1
PC1016	4d0n_2	1
PC1017	4dbg_1	1
PC1018	4dbg_2	1
PC1019	4dh2_1	1
PC1020	4di3_1	1
PC1021	4di3_2	1
PC1022	4did_2	1
PC1023	4dj9_2	1
PC1024	4dkd_2	1
PC1025	4dm8_1	1
PC1026	4dm8_2	1
PC1027	4dra_1	1
PC1028	4dra_2	1
PC1029	4ds8_1	1
PC1030	4ds8_2	1
PC1031	4dt1_1	1
PC1032	4dt1_2	1
PC1033	4dzv_1	1
PC1034	4eee_1	1
PC1035	4eee_2	1
PC1036	4ehq_2	1
PC1037	4eig_1	1
PC1038	4eoz_1	1
PC1039	4eoz_2	1
PC1040	4etp_1	1
PC1041	4etp_2	1
PC1042	4euk_1	1
PC1043	4euk_2	1
PC1044	4exp_2	1
PC1045	4f38_1	1
PC1046	4f38_2	1
PC1047	4f48_1	1
PC1048	4f48_2	1
PC1049	4f9l_1	1
PC1050	4f9p_1	1
PC1051	4fq0_1	1
PC1052	4fq0_2	1
PC1053	4fza_2	1
PC1054	4fzv_1	1
PC1055	4fzv_2	1
PC1056	4g01_1	1
PC1057	4g35_2	1
PC1058	4g6u_1	1
PC1059	4g6u_2	1
PC1060	4gaf_1	1
PC1061	4gaf_2	1
PC1062	4geh_1	1
PC1063	4gh7_1	1
PC1064	4gh7_2	1
PC1065	4gi3_2	1
PC1066	4giq_1	1
PC1067	4gla_2	1
PC1068	4gn4_2	1
PC1069	4h2s_2	1
PC1070	4h2w_2	1
PC1071	4h3p_1	1
PC1072	4h3p_2	1
PC1073	4h5s_1	1
PC1074	4h5s_2	1
PC1075	4hep_1	1
PC1076	4hff_1	1
PC1077	4hff_2	1
PC1078	4hgm_2	1
PC1079	4hnj_1	1
PC1080	4hrl_1	1
PC1081	4hrl_2	1
PC1082	4i6l_1	1
PC1083	4i9x_1	1
PC1084	4i9x_2	1
PC1085	4ihh_1	1
PC1086	4ihh_2	1
PC1087	4ika_1	1
PC1088	4ika_2	1
PC1089	4iop_2	1
PC1090	4iu3_1	1
PC1091	4iu3_2	1
PC1092	4iyp_1	1
PC1093	4iyp_2	1
PC1094	4j2y_1	1
PC1095	4j32_1	1
PC1096	4j32_2	1
PC1097	4jeg_1	1
PC1098	4jeh_1	1
PC1099	4jeu_1	1
PC1100	4jra_2	1
PC1101	4js0_2	1
PC1102	4jw2_1	1
PC1103	4jw2_2	1
PC1104	4jw3_1	1
PC1105	4jw3_2	1
PC1106	4jzw_2	1
PC1107	4kbb_2	1
PC1108	4kdi_2	1
PC1109	4kfz_1	1
PC1110	4kfz_2	1
PC1111	4kr0_1	1
PC1112	4krl_1	1
PC1113	4ksd_1	1
PC1114	4kt1_1	1
PC1115	4kt3_1	1
PC1116	4kt3_2	1
PC1117	4kvg_2	1
PC1118	4l67_1	1
PC1119	4l67_2	1
PC1120	4lad_1	1
PC1121	4lad_2	1
PC1122	4lgr_1	1
PC1123	4lrx_1	1
PC1124	4lrx_2	1
PC1125	4lzx_2	1
PC1126	4m1l_2	1
PC1127	4m5f_1	1
PC1128	4m5f_2	1
PC1129	4mi8_1	1
PC1130	4mi8_2	1
PC1131	4mrt_1	1
PC1132	4mrt_2	1
PC1133	4msm_1	1
PC1134	4n7v_1	1
PC1135	4n7v_2	1
PC1136	4n7z_1	1
PC1137	4n7z_2	1
PC1138	4nqw_1	1
PC1139	4nqw_2	1
PC1140	4nso_1	1
PC1141	4nso_2	1
PC1142	4nzl_2	1
PC1143	4nzw_2	1
PC1144	4ofy_1	1
PC1145	4ofy_2	1
PC1146	4ojk_2	1
PC1147	4ol0_2	1
PC1148	4p3y_1	1
PC1149	4p3y_2	1
PC1150	4pas_1	1
PC1151	4pas_2	1
PC1152	4pbw_1	1
PC1153	4pbw_2	1
PC1154	4pbz_1	1
PC1155	4pbz_2	1
PC1156	4pc0_1	1
PC1157	4pc0_2	1
PC1158	4per_2	1
PC1159	4pgj_2	1
PC1160	4plo_1	1
PC1161	4plo_2	1
PC1162	4pw9_1	1
PC1163	4pw9_2	1
PC1164	4pz6_1	1
PC1165	4pz6_2	1
PC1166	4qlb_1	1
PC1167	4qlb_2	1
PC1168	4qlp_1	1
PC1169	4qlp_2	1
PC1170	4qxa_2	1
PC1171	4qzv_1	1
PC1172	4re1_1	1
PC1173	4re1_2	1
PC1174	4rey_2	1
PC1175	4rs1_1	1
PC1176	4rs1_2	1
PC1177	4rt6_1	1
PC1178	4rt6_2	1
PC1179	4s0s_1	1
PC1180	4s0s_2	1
PC1181	4tq0_1	1
PC1182	4tq0_2	1
PC1183	4tq1_1	1
PC1184	4tq1_2	1
PC1185	4u2x_1	1
PC1186	4u2x_2	1
PC1187	4u4c_1	1
PC1188	4u4c_2	1
PC1189	4udm_1	1
PC1190	4udm_2	1
PC1191	4uem_1	1
PC1192	4uem_2	1
PC1193	4uf1_1	1
PC1194	4uwx_1	1
PC1195	4uwx_2	1
PC1196	4uyq_1	1
PC1197	4w6y_1	1
PC1198	4wem_1	1
PC1199	4wen_1	1
PC1200	4wnd_2	1
PC1201	4x33_1	1
PC1202	4x33_2	1
PC1203	4x7d_1	1
PC1204	4x7d_2	1
PC1205	4xl1_1	1
PC1206	4xl1_2	1
PC1207	4xl5_1	1
PC1208	4xl5_2	1
PC1209	4xlw_1	1
PC1210	4xlw_2	1
PC1211	4xwj_1	1
PC1212	4xwj_2	1
PC1213	4xxb_1	1
PC1214	4xxw_1	1
PC1215	4y5o_1	1
PC1216	4y5o_2	1
PC1217	4y61_2	1
PC1218	4yc7_1	1
PC1219	4ydh_1	1
PC1220	4ydh_2	1
PC1221	4yeb_1	1
PC1222	4yeb_2	1
PC1223	4yh7_1	1
PC1224	4yh7_2	1
PC1225	4yiz_2	1
PC1226	4yj4_1	1
PC1227	4yl8_1	1
PC1228	4yl8_2	1
PC1229	4yn0_1	1
PC1230	4yn0_2	1
PC1231	4yoc_1	1
PC1232	4yoc_2	1
PC1233	4yvq_1	1
PC1234	4yvq_2	1
PC1235	4yyp_1	1
PC1236	4yyp_2	1
PC1237	4z80_1	1
PC1238	4z80_2	1
PC1239	4zgm_2	1
PC1240	4zgq_1	1
PC1241	4zgq_2	1
PC1242	4zgy_1	1
PC1243	4zgy_2	1
PC1244	4zi2_1	1
PC1245	4zi2_2	1
PC1246	4zii_1	1
PC1247	4zk9_1	1
PC1248	4zqu_1	1
PC1249	4zqu_2	1
PC1250	4zrj_1	1
PC1251	4zrj_2	1
PC1252	4zw2_1	1
PC1253	4zw2_2	1
PC1254	5agw_2	1
PC1255	5b64_1	1
PC1256	5b64_2	1
PC1257	5b75_2	1
PC1258	5bn5_1	1
PC1259	5bn5_2	1
PC1260	5boz_2	1
PC1261	5c3f_2	1
PC1262	5chv_1	1
PC1263	5chv_2	1
PC1264	5ctr_1	1
PC1265	5ctr_2	1
PC1266	5cx3_2	1
PC1267	5czf_1	1
PC1268	5czf_2	1
PC1269	5d1l_2	1
PC1270	5d28_1	1
PC1271	5d28_2	1
PC1272	5d3i_1	1
PC1273	5dcq_1	1
PC1274	5dcq_2	1
PC1275	5dfw_1	1
PC1276	5djt_1	1
PC1277	5dju_2	1
PC1278	5dob_1	1
PC1279	5dob_2	1
PC1280	5e6p_1	1
PC1281	5e6p_2	1
PC1282	5e95_1	1
PC1283	5eb1_1	1
PC1284	5eb1_2	1
PC1285	5ee5_1	1
PC1286	5eg3_1	1
PC1287	5eo9_1	1
PC1288	5eo9_2	1
PC1289	5et1_2	1
PC1290	5f3x_1	1
PC1291	5f3x_2	1
PC1292	5f4e_1	1
PC1293	5f5s_1	1
PC1294	5f5s_2	1
PC1295	5ft8_1	1
PC1296	5ft8_2	1
PC1297	5fw5_1	1
PC1298	5fw5_2	1
PC1299	5fzt_1	1
PC1300	5fzt_2	1
PC1301	5g1x_2	1
PC1302	5gjk_1	1
PC1303	5gjk_2	1
PC1304	5glh_1	1
PC1305	5glh_2	1
PC1306	5gpg_1	1
PC1307	5gpg_2	1
PC1308	5gtb_1	1
PC1309	5gtb_2	1
PC1310	5gy2_1	1
PC1311	5gy2_2	1
PC1312	5h3j_2	1
PC1313	5h7y_1	1
PC1314	5h7y_2	1
PC1315	5h9b_2	1
PC1316	5hpk_1	1
PC1317	5hps_1	1
PC1318	5hu3_2	1
PC1319	5hvf_1	1
PC1320	5imt_1	1
PC1321	5imt_2	1
PC1322	5inb_2	1
PC1323	5ip4_2	1
PC1324	5ixd_1	1
PC1325	5ixd_2	1
PC1326	5j28_2	1
PC1327	5j8h_2	1
PC1328	5jds_2	1
PC1329	5jg6_1	1
PC1330	5jg6_2	1
PC1331	5jjd_1	1
PC1332	5jjd_2	1
PC1333	5jke_1	1
PC1334	5jsn_2	1
PC1335	5jw7_1	1
PC1336	5jw7_2	1
PC1337	5jw9_1	1
PC1338	5jw9_2	1
PC1339	5k22_1	1
PC1340	5k22_2	1
PC1341	5k8q_1	1
PC1342	5k8q_2	1
PC1343	5kho_1	1
PC1344	5kho_2	1
PC1345	5ky5_1	1
PC1346	5ky9_2	1
PC1347	5lgk_1	1
PC1348	5lgk_2	1
PC1349	5lhn_1	1
PC1350	5li1_1	1
PC1351	5li1_2	1
PC1352	5lrw_1	1
PC1353	5lrw_2	1
PC1354	5lxm_2	1
PC1355	5lz3_1	1
PC1356	5lz6_1	1
PC1357	5m2j_1	1
PC1358	5m2m_1	1
PC1359	5m36_1	1
PC1360	5m36_2	1
PC1361	5m72_2	1
PC1362	5ma4_2	1
PC1363	5mak_2	1
PC1364	5me5_1	1
PC1365	5me5_2	1
PC1366	5ml9_1	1
PC1367	5mr4_2	1
PC1368	5mrv_2	1
PC1369	5mtn_1	1
PC1370	5mv8_1	1
PC1371	5mv8_2	1
PC1372	5mv9_2	1
PC1373	5npo_2	1
PC1374	5nt1_1	1
PC1375	5nt1_2	1
PC1376	5nt7_1	1
PC1377	5nt7_2	1
PC1378	5nus_1	1
PC1379	5nus_2	1
PC1380	5nvm_1	1
PC1381	5nvm_2	1
PC1382	5nwm_1	1
PC1383	5nwm_2	1
PC1384	5o05_2	1
PC1385	5o0w_1	1
PC1386	5o2u_1	1
PC1387	5o90_1	1
PC1388	5o90_2	1
PC1389	5oaq_1	1
PC1390	5oaq_2	1
PC1391	5odw_1	1
PC1392	5odw_2	1
PC1393	5oen_1	1
PC1394	5oen_2	1
PC1395	5omb_1	1
PC1396	5omb_2	1
PC1397	5omn_1	1
PC1398	5swk_1	1
PC1399	5swk_2	1
PC1400	5szh_1	1
PC1401	5szi_1	1
PC1402	5szi_2	1
PC1403	5szj_1	1
PC1404	5szj_2	1
PC1405	5szk_1	1
PC1406	5t0f_1	1
PC1407	5t0f_2	1
PC1408	5tar_2	1
PC1409	5tp6_2	1
PC1410	5tvq_1	1
PC1411	5twa_1	1
PC1412	5tzp_1	1
PC1413	5tzq_1	1
PC1414	5u4k_2	1
PC1415	5u52_2	1
PC1416	5ua4_1	1
PC1417	5ufe_2	1
PC1418	5uk5_1	1
PC1419	5uk5_2	1
PC1420	5un5_2	1
PC1421	5un7_1	1
PC1422	5un7_2	1
PC1423	5uwc_1	1
PC1424	5uwc_2	1
PC1425	5v52_1	1
PC1426	5v52_2	1
PC1427	5v5h_1	1
PC1428	5v69_1	1
PC1429	5v6a_1	1
PC1430	5vkl_1	1
PC1431	5vkl_2	1
PC1432	5vko_1	1
PC1433	5vko_2	1
PC1434	5vmo_1	1
PC1435	5vwy_1	1
PC1436	5vx0_1	1
PC1437	5vxz_1	1
PC1438	5vxz_2	1
PC1439	5vz4_2	1
PC1440	5vzm_2	1
PC1441	5w3x_1	1
PC1442	5w3x_2	1
PC1443	5wb7_1	1
PC1444	5wgg_1	1
PC1445	5wgg_2	1
PC1446	5wos_1	1
PC1447	5wrv_1	1
PC1448	5wuj_1	1
PC1449	5wuj_2	1
PC1450	5wy2_1	1
PC1451	5wy2_2	1
PC1452	5x0w_1	1
PC1453	5x0w_2	1
PC1454	5xbf_2	1
PC1455	5xco_2	1
PC1456	5xda_1	1
PC1457	5xda_2	1
PC1458	5xeq_2	1
PC1459	5xiu_1	1
PC1460	5xjg_1	1
PC1461	5xjg_2	1
PC1462	5xln_1	1
PC1463	5xln_2	1
PC1464	5xnp_1	1
PC1465	5xnp_2	1
PC1466	5xoc_1	1
PC1467	5xoc_2	1
PC1468	5xod_1	1
PC1469	5xod_2	1
PC1470	5xqz_1	1
PC1471	5xqz_2	1
PC1472	5xv8_1	1
PC1473	5xwt_2	1
PC1474	5y1z_1	1
PC1475	5y1z_2	1
PC1476	5yi8_1	1
PC1477	5yi8_2	1
PC1478	5yip_1	1
PC1479	5yip_2	1
PC1480	5yqz_1	1
PC1481	5yqz_2	1
PC1482	5yr0_1	1
PC1483	5yr0_2	1
PC1484	5ywr_2	1
PC1485	5z2w_1	1
PC1486	5z2w_2	1
PC1487	5z78_1	1
PC1488	5z78_2	1
PC1489	5zo2_1	1
PC1490	5zo2_2	1
PC1491	5zqv_2	1
PC1492	6aaf_2	1
PC1493	6akm_1	1
PC1494	6akm_2	1
PC1495	6amb_2	1
PC1496	6arq_1	1
PC1497	6arq_2	1
PC1498	6atk_1	1
PC1499	6atk_2	1
PC1500	6aw2_2	1
PC1501	6azp_1	1
PC1502	6b12_1	1
PC1503	6b12_2	1
PC1504	6ba6_1	1
PC1505	6bw9_2	1
PC1506	6bx8_1	1
PC1507	6bxa_1	1
PC1508	6bxa_2	1
PC1509	6cbp_1	1
PC1510	6cwg_1	1
PC1511	6d13_1	1
PC1512	6d13_2	1
PC1513	6dcn_1	1
PC1514	6dgf_1	1
PC1515	6dsl_1	1
PC1516	6dsl_2	1
PC1517	6e2p_1	1
PC1518	6e2p_2	1
PC1519	6eg0_2	1
PC1520	6eg1_2	1
PC1521	6ejm_1	1
PC1522	6er6_1	1
PC1523	6er6_2	1
PC1524	6f0f_2	1
PC1525	6f0g_2	1
PC1526	6f2g_1	1
PC1527	6f3z_1	1
PC1528	6f3z_2	1
PC1529	6f9s_1	1
PC1530	6f9s_2	1
PC1531	6fc3_1	1
PC1532	6fc3_2	1
PC1533	6ff3_1	1
PC1534	6ff3_2	1
PC1535	6fg8_1	1
PC1536	6fg8_2	1
PC1537	6fp7_1	1
PC1538	6fpg_1	1
PC1539	6fpg_2	1
PC1540	6fq0_1	1
PC1541	6fq0_2	1
PC1542	6fuz_1	1
PC1543	6fv0_1	1
PC1544	6g04_1	1
PC1545	6g04_2	1
PC1546	6gbg_2	1
PC1547	6gbh_2	1
PC1548	6gd5_1	1
PC1549	6gd5_2	1
PC1550	6gho_1	1
PC1551	6gho_2	1
PC1552	6gjq_1	1
PC1553	6gum_2	1
PC1554	6gvk_1	1
PC1555	6gvk_2	1
PC1556	6gvl_1	1
PC1557	6gvl_2	1
PC1558	6h16_1	1
PC1559	6h47_1	1
PC1560	6h9n_1	1
PC1561	6h9n_2	1
PC1562	6her_1	1
PC1563	6ht9_2	1
PC1564	6hul_1	1
PC1565	6hul_2	1
PC1566	6i07_2	1
PC1567	6i2m_1	1
PC1568	6i2m_2	1
PC1569	6i3f_1	1
PC1570	6i3f_2	1
PC1571	6ib8_1	1
PC1572	6ib8_2	1
PC1573	6idx_1	1
PC1574	6idx_2	1
PC1575	6ihb_1	1
PC1576	6im9_1	1
PC1577	6im9_2	1
PC1578	6imf_1	1
PC1579	6imf_2	1
PC1580	6in9_1	1
PC1581	6in9_2	1
PC1582	6ird_1	1
PC1583	6ird_2	1
PC1584	6isc_1	1
PC1585	6isc_2	1
PC1586	6ivu_1	1
PC1587	6ivu_2	1
PC1588	6iw8_1	1
PC1589	6iw8_2	1
PC1590	6iwa_1	1
PC1591	6iwd_1	1
PC1592	6iwd_2	1
PC1593	6j4o_1	1
PC1594	6j4o_2	1
PC1595	6j4s_1	1
PC1596	6j4s_2	1
PC1597	6j56_1	1
PC1598	6j7w_2	1
PC1599	6j9h_1	1
PC1600	6j9h_2	1
PC1601	6jb8_1	1
PC1602	6jcs_2	1
PC1603	6jjw_1	1
PC1604	6jjw_2	1
PC1605	6jwj_1	1
PC1606	6jwj_2	1
PC1607	6k06_1	1
PC1608	6k4k_1	1
PC1609	6k4k_2	1
PC1610	6kbr_2	1
PC1611	6m7l_1	1
PC1612	6m7l_2	1
PC1613	6m9k_1	1
PC1614	6m9k_2	1
PC1615	6mav_2	1
PC1616	6mc9_1	1
PC1617	6mkz_1	1
PC1618	6mkz_2	1
PC1619	6mm6_2	1
PC1620	6n85_1	1
PC1621	6n85_2	1
PC1622	6n9d_2	1
PC1623	6o3o_1	1
PC1624	6o3o_2	1
PC1625	6oan_1	1
PC1626	6obn_1	1
PC1627	6obn_2	1
PC1628	6on9_1	1
PC1629	6on9_2	1
PC1630	6oqq_1	1
PC1631	6osw_1	1
PC1632	6osw_2	1
PC1633	6ov2_1	1
PC1634	6ov2_2	1
PC1635	6p7s_2	1
PC1636	6p7y_2	1
PC1637	6plm_1	1
PC1638	6plm_2	1
PC1639	6pnp_1	1
PC1640	6pnp_2	1
PC1641	6pnq_1	1
PC1642	6pnq_2	1
PC1643	6q69_1	1
PC1644	6q69_2	1
PC1645	6r2g_1	1
PC1646	6r2g_2	1
PC1647	6s29_1	1
PC1648	6s29_2	1
PC1649	6saz_2	1
PC1650	6umt_1	1
PC1651	6umt_2	1
